categoria,item,quantidade,ano
DERIVADOS,Bagaceira,961290,1970
DERIVADOS,Bagaceira,913200,1971
DERIVADOS,Bagaceira,755350,1972
DERIVADOS,Bagaceira,661270,1973
DERIVADOS,Bagaceira,424620,1974
DERIVADOS,Bagaceira,576098,1975
DERIVADOS,Bagaceira,705912,1976
DERIVADOS,Bagaceira,828000,1977
DERIVADOS,Bagaceira,698200,1978
DERIVADOS,Bagaceira,938090,1979
DERIVADOS,Bagaceira,0,1980
DERIVADOS,Bagaceira,0,1981
DERIVADOS,Bagaceira,0,1982
DERIVADOS,Bagaceira,0,1983
DERIVADOS,Bagaceira,0,1984
DERIVADOS,Bagaceira,299500,1985
DERIVADOS,Bagaceira,156100,1986
DERIVADOS,Bagaceira,325600,1987
DERIVADOS,Bagaceira,29000,1988
DERIVADOS,Bagaceira,52000,1989
DERIVADOS,Bagaceira,55000,1990
DERIVADOS,Bagaceira,15000,1991
DERIVADOS,Bagaceira,10000,1992
DERIVADOS,Bagaceira,0,1993
DERIVADOS,Bagaceira,0,1994
DERIVADOS,Bagaceira,0,1995
DERIVADOS,Bagaceira,0,1996
DERIVADOS,Bagaceira,0,1997
DERIVADOS,Bagaceira,0,1998
DERIVADOS,Bagaceira,0,1999
DERIVADOS,Bagaceira,12700,2000
DERIVADOS,Bagaceira,10350,2001
DERIVADOS,Bagaceira,0,2002
DERIVADOS,Bagaceira,26800,2003
DERIVADOS,Bagaceira,66082,2004
DERIVADOS,Bagaceira,32050,2005
DERIVADOS,Bagaceira,24250,2006
DERIVADOS,Bagaceira,48500,2007
DERIVADOS,Bagaceira,8500,2008
DERIVADOS,Bagaceira,6500,2009
DERIVADOS,Bagaceira,0,2010
DERIVADOS,Bagaceira,0,2011
DERIVADOS,Bagaceira,0,2012
DERIVADOS,Bagaceira,0,2013
DERIVADOS,Bagaceira,0,2014
DERIVADOS,Bagaceira,1350,2015
DERIVADOS,Bagaceira,1000,2016
DERIVADOS,Bagaceira,900,2017
DERIVADOS,Bagaceira,2100,2018
DERIVADOS,Bagaceira,10495,2019
DERIVADOS,Bagaceira,0,2020
DERIVADOS,Bagaceira,12060,2021
DERIVADOS,Bagaceira,4998,2022
DERIVADOS,Bagaceira,0,2023
DERIVADOS,Bagaceira,0,2024
DERIVADOS,Base Champenoise champanha,0,1970
DERIVADOS,Base Champenoise champanha,0,1971
DERIVADOS,Base Champenoise champanha,0,1972
DERIVADOS,Base Champenoise champanha,0,1973
DERIVADOS,Base Champenoise champanha,0,1974
DERIVADOS,Base Champenoise champanha,0,1975
DERIVADOS,Base Champenoise champanha,0,1976
DERIVADOS,Base Champenoise champanha,0,1977
DERIVADOS,Base Champenoise champanha,0,1978
DERIVADOS,Base Champenoise champanha,0,1979
DERIVADOS,Base Champenoise champanha,0,1980
DERIVADOS,Base Champenoise champanha,0,1981
DERIVADOS,Base Champenoise champanha,0,1982
DERIVADOS,Base Champenoise champanha,0,1983
DERIVADOS,Base Champenoise champanha,0,1984
DERIVADOS,Base Champenoise champanha,0,1985
DERIVADOS,Base Champenoise champanha,0,1986
DERIVADOS,Base Champenoise champanha,0,1987
DERIVADOS,Base Champenoise champanha,0,1988
DERIVADOS,Base Champenoise champanha,0,1989
DERIVADOS,Base Champenoise champanha,0,1990
DERIVADOS,Base Champenoise champanha,0,1991
DERIVADOS,Base Champenoise champanha,0,1992
DERIVADOS,Base Champenoise champanha,0,1993
DERIVADOS,Base Champenoise champanha,0,1994
DERIVADOS,Base Champenoise champanha,0,1995
DERIVADOS,Base Champenoise champanha,0,1996
DERIVADOS,Base Champenoise champanha,0,1997
DERIVADOS,Base Champenoise champanha,0,1998
DERIVADOS,Base Champenoise champanha,0,1999
DERIVADOS,Base Champenoise champanha,0,2000
DERIVADOS,Base Champenoise champanha,0,2001
DERIVADOS,Base Champenoise champanha,0,2002
DERIVADOS,Base Champenoise champanha,0,2003
DERIVADOS,Base Champenoise champanha,0,2004
DERIVADOS,Base Champenoise champanha,0,2005
DERIVADOS,Base Champenoise champanha,0,2006
DERIVADOS,Base Champenoise champanha,0,2007
DERIVADOS,Base Champenoise champanha,0,2008
DERIVADOS,Base Champenoise champanha,0,2009
DERIVADOS,Base Champenoise champanha,92082,2010
DERIVADOS,Base Champenoise champanha,74746,2011
DERIVADOS,Base Champenoise champanha,369278,2012
DERIVADOS,Base Champenoise champanha,359617,2013
DERIVADOS,Base Champenoise champanha,234725,2014
DERIVADOS,Base Champenoise champanha,605001,2015
DERIVADOS,Base Champenoise champanha,740395,2016
DERIVADOS,Base Champenoise champanha,1552403,2017
DERIVADOS,Base Champenoise champanha,228518,2018
DERIVADOS,Base Champenoise champanha,274903,2019
DERIVADOS,Base Champenoise champanha,200777,2020
DERIVADOS,Base Champenoise champanha,0,2021
DERIVADOS,Base Champenoise champanha,1146717,2022
DERIVADOS,Base Champenoise champanha,1552243,2023
DERIVADOS,Base Champenoise champanha,0,2024
DERIVADOS,Base Charmat champanha,0,1970
DERIVADOS,Base Charmat champanha,0,1971
DERIVADOS,Base Charmat champanha,0,1972
DERIVADOS,Base Charmat champanha,0,1973
DERIVADOS,Base Charmat champanha,0,1974
DERIVADOS,Base Charmat champanha,0,1975
DERIVADOS,Base Charmat champanha,0,1976
DERIVADOS,Base Charmat champanha,0,1977
DERIVADOS,Base Charmat champanha,0,1978
DERIVADOS,Base Charmat champanha,0,1979
DERIVADOS,Base Charmat champanha,0,1980
DERIVADOS,Base Charmat champanha,0,1981
DERIVADOS,Base Charmat champanha,0,1982
DERIVADOS,Base Charmat champanha,0,1983
DERIVADOS,Base Charmat champanha,0,1984
DERIVADOS,Base Charmat champanha,0,1985
DERIVADOS,Base Charmat champanha,0,1986
DERIVADOS,Base Charmat champanha,0,1987
DERIVADOS,Base Charmat champanha,0,1988
DERIVADOS,Base Charmat champanha,0,1989
DERIVADOS,Base Charmat champanha,0,1990
DERIVADOS,Base Charmat champanha,0,1991
DERIVADOS,Base Charmat champanha,0,1992
DERIVADOS,Base Charmat champanha,0,1993
DERIVADOS,Base Charmat champanha,0,1994
DERIVADOS,Base Charmat champanha,0,1995
DERIVADOS,Base Charmat champanha,0,1996
DERIVADOS,Base Charmat champanha,0,1997
DERIVADOS,Base Charmat champanha,0,1998
DERIVADOS,Base Charmat champanha,0,1999
DERIVADOS,Base Charmat champanha,0,2000
DERIVADOS,Base Charmat champanha,0,2001
DERIVADOS,Base Charmat champanha,0,2002
DERIVADOS,Base Charmat champanha,0,2003
DERIVADOS,Base Charmat champanha,0,2004
DERIVADOS,Base Charmat champanha,0,2005
DERIVADOS,Base Charmat champanha,0,2006
DERIVADOS,Base Charmat champanha,0,2007
DERIVADOS,Base Charmat champanha,0,2008
DERIVADOS,Base Charmat champanha,0,2009
DERIVADOS,Base Charmat champanha,254000,2010
DERIVADOS,Base Charmat champanha,865858,2011
DERIVADOS,Base Charmat champanha,479625,2012
DERIVADOS,Base Charmat champanha,624728,2013
DERIVADOS,Base Charmat champanha,376968,2014
DERIVADOS,Base Charmat champanha,1466259,2015
DERIVADOS,Base Charmat champanha,250280,2016
DERIVADOS,Base Charmat champanha,893364,2017
DERIVADOS,Base Charmat champanha,1746540,2018
DERIVADOS,Base Charmat champanha,1188095,2019
DERIVADOS,Base Charmat champanha,2487939,2020
DERIVADOS,Base Charmat champanha,0,2021
DERIVADOS,Base Charmat champanha,4078766,2022
DERIVADOS,Base Charmat champanha,5418118,2023
DERIVADOS,Base Charmat champanha,0,2024
DERIVADOS,Base espumante,0,1970
DERIVADOS,Base espumante,0,1971
DERIVADOS,Base espumante,0,1972
DERIVADOS,Base espumante,0,1973
DERIVADOS,Base espumante,0,1974
DERIVADOS,Base espumante,0,1975
DERIVADOS,Base espumante,0,1976
DERIVADOS,Base espumante,0,1977
DERIVADOS,Base espumante,0,1978
DERIVADOS,Base espumante,0,1979
DERIVADOS,Base espumante,0,1980
DERIVADOS,Base espumante,0,1981
DERIVADOS,Base espumante,0,1982
DERIVADOS,Base espumante,0,1983
DERIVADOS,Base espumante,0,1984
DERIVADOS,Base espumante,0,1985
DERIVADOS,Base espumante,0,1986
DERIVADOS,Base espumante,0,1987
DERIVADOS,Base espumante,0,1988
DERIVADOS,Base espumante,0,1989
DERIVADOS,Base espumante,0,1990
DERIVADOS,Base espumante,0,1991
DERIVADOS,Base espumante,0,1992
DERIVADOS,Base espumante,0,1993
DERIVADOS,Base espumante,0,1994
DERIVADOS,Base espumante,0,1995
DERIVADOS,Base espumante,0,1996
DERIVADOS,Base espumante,0,1997
DERIVADOS,Base espumante,0,1998
DERIVADOS,Base espumante,0,1999
DERIVADOS,Base espumante,0,2000
DERIVADOS,Base espumante,0,2001
DERIVADOS,Base espumante,0,2002
DERIVADOS,Base espumante,0,2003
DERIVADOS,Base espumante,0,2004
DERIVADOS,Base espumante,239000,2005
DERIVADOS,Base espumante,0,2006
DERIVADOS,Base espumante,78250,2007
DERIVADOS,Base espumante,220120,2008
DERIVADOS,Base espumante,335850,2009
DERIVADOS,Base espumante,0,2010
DERIVADOS,Base espumante,0,2011
DERIVADOS,Base espumante,0,2012
DERIVADOS,Base espumante,0,2013
DERIVADOS,Base espumante,0,2014
DERIVADOS,Base espumante,0,2015
DERIVADOS,Base espumante,0,2016
DERIVADOS,Base espumante,0,2017
DERIVADOS,Base espumante,0,2018
DERIVADOS,Base espumante,0,2019
DERIVADOS,Base espumante,0,2020
DERIVADOS,Base espumante,5475049,2021
DERIVADOS,Base espumante,0,2022
DERIVADOS,Base espumante,0,2023
DERIVADOS,Base espumante,0,2024
DERIVADOS,Base espumante moscatel,0,1970
DERIVADOS,Base espumante moscatel,0,1971
DERIVADOS,Base espumante moscatel,0,1972
DERIVADOS,Base espumante moscatel,0,1973
DERIVADOS,Base espumante moscatel,0,1974
DERIVADOS,Base espumante moscatel,0,1975
DERIVADOS,Base espumante moscatel,0,1976
DERIVADOS,Base espumante moscatel,0,1977
DERIVADOS,Base espumante moscatel,0,1978
DERIVADOS,Base espumante moscatel,0,1979
DERIVADOS,Base espumante moscatel,0,1980
DERIVADOS,Base espumante moscatel,0,1981
DERIVADOS,Base espumante moscatel,0,1982
DERIVADOS,Base espumante moscatel,0,1983
DERIVADOS,Base espumante moscatel,0,1984
DERIVADOS,Base espumante moscatel,0,1985
DERIVADOS,Base espumante moscatel,0,1986
DERIVADOS,Base espumante moscatel,0,1987
DERIVADOS,Base espumante moscatel,0,1988
DERIVADOS,Base espumante moscatel,0,1989
DERIVADOS,Base espumante moscatel,0,1990
DERIVADOS,Base espumante moscatel,0,1991
DERIVADOS,Base espumante moscatel,0,1992
DERIVADOS,Base espumante moscatel,0,1993
DERIVADOS,Base espumante moscatel,0,1994
DERIVADOS,Base espumante moscatel,0,1995
DERIVADOS,Base espumante moscatel,0,1996
DERIVADOS,Base espumante moscatel,0,1997
DERIVADOS,Base espumante moscatel,0,1998
DERIVADOS,Base espumante moscatel,0,1999
DERIVADOS,Base espumante moscatel,0,2000
DERIVADOS,Base espumante moscatel,0,2001
DERIVADOS,Base espumante moscatel,0,2002
DERIVADOS,Base espumante moscatel,0,2003
DERIVADOS,Base espumante moscatel,98900,2004
DERIVADOS,Base espumante moscatel,212400,2005
DERIVADOS,Base espumante moscatel,362589,2006
DERIVADOS,Base espumante moscatel,111200,2007
DERIVADOS,Base espumante moscatel,474721,2008
DERIVADOS,Base espumante moscatel,442150,2009
DERIVADOS,Base espumante moscatel,1144508,2010
DERIVADOS,Base espumante moscatel,2749540,2011
DERIVADOS,Base espumante moscatel,2798908,2012
DERIVADOS,Base espumante moscatel,1470700,2013
DERIVADOS,Base espumante moscatel,1808044,2014
DERIVADOS,Base espumante moscatel,1607727,2015
DERIVADOS,Base espumante moscatel,1325700,2016
DERIVADOS,Base espumante moscatel,1965629,2017
DERIVADOS,Base espumante moscatel,1320650,2018
DERIVADOS,Base espumante moscatel,1962443,2019
DERIVADOS,Base espumante moscatel,3006705,2020
DERIVADOS,Base espumante moscatel,5549471,2021
DERIVADOS,Base espumante moscatel,6308043,2022
DERIVADOS,Base espumante moscatel,6734590,2023
DERIVADOS,Base espumante moscatel,0,2024
DERIVADOS,Bebida de uva,0,1970
DERIVADOS,Bebida de uva,0,1971
DERIVADOS,Bebida de uva,0,1972
DERIVADOS,Bebida de uva,0,1973
DERIVADOS,Bebida de uva,0,1974
DERIVADOS,Bebida de uva,0,1975
DERIVADOS,Bebida de uva,0,1976
DERIVADOS,Bebida de uva,0,1977
DERIVADOS,Bebida de uva,0,1978
DERIVADOS,Bebida de uva,0,1979
DERIVADOS,Bebida de uva,0,1980
DERIVADOS,Bebida de uva,0,1981
DERIVADOS,Bebida de uva,0,1982
DERIVADOS,Bebida de uva,0,1983
DERIVADOS,Bebida de uva,0,1984
DERIVADOS,Bebida de uva,0,1985
DERIVADOS,Bebida de uva,0,1986
DERIVADOS,Bebida de uva,0,1987
DERIVADOS,Bebida de uva,0,1988
DERIVADOS,Bebida de uva,0,1989
DERIVADOS,Bebida de uva,0,1990
DERIVADOS,Bebida de uva,0,1991
DERIVADOS,Bebida de uva,0,1992
DERIVADOS,Bebida de uva,0,1993
DERIVADOS,Bebida de uva,0,1994
DERIVADOS,Bebida de uva,0,1995
DERIVADOS,Bebida de uva,0,1996
DERIVADOS,Bebida de uva,0,1997
DERIVADOS,Bebida de uva,0,1998
DERIVADOS,Bebida de uva,0,1999
DERIVADOS,Bebida de uva,0,2000
DERIVADOS,Bebida de uva,0,2001
DERIVADOS,Bebida de uva,0,2002
DERIVADOS,Bebida de uva,0,2003
DERIVADOS,Bebida de uva,0,2004
DERIVADOS,Bebida de uva,0,2005
DERIVADOS,Bebida de uva,0,2006
DERIVADOS,Bebida de uva,0,2007
DERIVADOS,Bebida de uva,1082700,2008
DERIVADOS,Bebida de uva,420,2009
DERIVADOS,Bebida de uva,7900,2010
DERIVADOS,Bebida de uva,0,2011
DERIVADOS,Bebida de uva,0,2012
DERIVADOS,Bebida de uva,4260,2013
DERIVADOS,Bebida de uva,3860,2014
DERIVADOS,Bebida de uva,922,2015
DERIVADOS,Bebida de uva,3474,2016
DERIVADOS,Bebida de uva,0,2017
DERIVADOS,Bebida de uva,0,2018
DERIVADOS,Bebida de uva,0,2019
DERIVADOS,Bebida de uva,0,2020
DERIVADOS,Bebida de uva,2000,2021
DERIVADOS,Bebida de uva,0,2022
DERIVADOS,Bebida de uva,1627,2023
DERIVADOS,Bebida de uva,0,2024
DERIVADOS,Borra líquida,3847673,1970
DERIVADOS,Borra líquida,3565644,1971
DERIVADOS,Borra líquida,3015037,1972
DERIVADOS,Borra líquida,3559922,1973
DERIVADOS,Borra líquida,5136979,1974
DERIVADOS,Borra líquida,4624839,1975
DERIVADOS,Borra líquida,3393173,1976
DERIVADOS,Borra líquida,0,1977
DERIVADOS,Borra líquida,0,1978
DERIVADOS,Borra líquida,0,1979
DERIVADOS,Borra líquida,0,1980
DERIVADOS,Borra líquida,3767852,1981
DERIVADOS,Borra líquida,0,1982
DERIVADOS,Borra líquida,0,1983
DERIVADOS,Borra líquida,0,1984
DERIVADOS,Borra líquida,5095798,1985
DERIVADOS,Borra líquida,6357648,1986
DERIVADOS,Borra líquida,5142446,1987
DERIVADOS,Borra líquida,1953488,1988
DERIVADOS,Borra líquida,2426804,1989
DERIVADOS,Borra líquida,1282381,1990
DERIVADOS,Borra líquida,1649130,1991
DERIVADOS,Borra líquida,1400200,1992
DERIVADOS,Borra líquida,0,1993
DERIVADOS,Borra líquida,0,1994
DERIVADOS,Borra líquida,0,1995
DERIVADOS,Borra líquida,0,1996
DERIVADOS,Borra líquida,0,1997
DERIVADOS,Borra líquida,0,1998
DERIVADOS,Borra líquida,0,1999
DERIVADOS,Borra líquida,9626928,2000
DERIVADOS,Borra líquida,8216162,2001
DERIVADOS,Borra líquida,8541861,2002
DERIVADOS,Borra líquida,3126172,2003
DERIVADOS,Borra líquida,1044490,2004
DERIVADOS,Borra líquida,526016,2005
DERIVADOS,Borra líquida,57333,2006
DERIVADOS,Borra líquida,2095873,2007
DERIVADOS,Borra líquida,1679775,2008
DERIVADOS,Borra líquida,0,2009
DERIVADOS,Borra líquida,64304,2010
DERIVADOS,Borra líquida,0,2011
DERIVADOS,Borra líquida,0,2012
DERIVADOS,Borra líquida,63111,2013
DERIVADOS,Borra líquida,50954,2014
DERIVADOS,Borra líquida,48833,2015
DERIVADOS,Borra líquida,24975,2016
DERIVADOS,Borra líquida,0,2017
DERIVADOS,Borra líquida,255100,2018
DERIVADOS,Borra líquida,901431,2019
DERIVADOS,Borra líquida,509378,2020
DERIVADOS,Borra líquida,116450,2021
DERIVADOS,Borra líquida,0,2022
DERIVADOS,Borra líquida,758140,2023
DERIVADOS,Borra líquida,0,2024
DERIVADOS,Borra seca,0,1970
DERIVADOS,Borra seca,0,1971
DERIVADOS,Borra seca,0,1972
DERIVADOS,Borra seca,0,1973
DERIVADOS,Borra seca,0,1974
DERIVADOS,Borra seca,0,1975
DERIVADOS,Borra seca,0,1976
DERIVADOS,Borra seca,0,1977
DERIVADOS,Borra seca,0,1978
DERIVADOS,Borra seca,0,1979
DERIVADOS,Borra seca,0,1980
DERIVADOS,Borra seca,0,1981
DERIVADOS,Borra seca,0,1982
DERIVADOS,Borra seca,0,1983
DERIVADOS,Borra seca,0,1984
DERIVADOS,Borra seca,0,1985
DERIVADOS,Borra seca,0,1986
DERIVADOS,Borra seca,0,1987
DERIVADOS,Borra seca,0,1988
DERIVADOS,Borra seca,0,1989
DERIVADOS,Borra seca,0,1990
DERIVADOS,Borra seca,0,1991
DERIVADOS,Borra seca,0,1992
DERIVADOS,Borra seca,0,1993
DERIVADOS,Borra seca,0,1994
DERIVADOS,Borra seca,0,1995
DERIVADOS,Borra seca,0,1996
DERIVADOS,Borra seca,0,1997
DERIVADOS,Borra seca,0,1998
DERIVADOS,Borra seca,0,1999
DERIVADOS,Borra seca,0,2000
DERIVADOS,Borra seca,0,2001
DERIVADOS,Borra seca,0,2002
DERIVADOS,Borra seca,0,2003
DERIVADOS,Borra seca,0,2004
DERIVADOS,Borra seca,0,2005
DERIVADOS,Borra seca,0,2006
DERIVADOS,Borra seca,0,2007
DERIVADOS,Borra seca,0,2008
DERIVADOS,Borra seca,0,2009
DERIVADOS,Borra seca,149981,2010
DERIVADOS,Borra seca,0,2011
DERIVADOS,Borra seca,0,2012
DERIVADOS,Borra seca,78397,2013
DERIVADOS,Borra seca,142850,2014
DERIVADOS,Borra seca,120230,2015
DERIVADOS,Borra seca,82367,2016
DERIVADOS,Borra seca,0,2017
DERIVADOS,Borra seca,70480,2018
DERIVADOS,Borra seca,25996,2019
DERIVADOS,Borra seca,167587,2020
DERIVADOS,Borra seca,16789,2021
DERIVADOS,Borra seca,0,2022
DERIVADOS,Borra seca,17200,2023
DERIVADOS,Borra seca,0,2024
DERIVADOS,Brandy,0,1970
DERIVADOS,Brandy,0,1971
DERIVADOS,Brandy,0,1972
DERIVADOS,Brandy,0,1973
DERIVADOS,Brandy,0,1974
DERIVADOS,Brandy,0,1975
DERIVADOS,Brandy,0,1976
DERIVADOS,Brandy,0,1977
DERIVADOS,Brandy,0,1978
DERIVADOS,Brandy,0,1979
DERIVADOS,Brandy,0,1980
DERIVADOS,Brandy,0,1981
DERIVADOS,Brandy,0,1982
DERIVADOS,Brandy,0,1983
DERIVADOS,Brandy,0,1984
DERIVADOS,Brandy,13000,1985
DERIVADOS,Brandy,0,1986
DERIVADOS,Brandy,0,1987
DERIVADOS,Brandy,5216,1988
DERIVADOS,Brandy,6500,1989
DERIVADOS,Brandy,0,1990
DERIVADOS,Brandy,0,1991
DERIVADOS,Brandy,0,1992
DERIVADOS,Brandy,0,1993
DERIVADOS,Brandy,0,1994
DERIVADOS,Brandy,0,1995
DERIVADOS,Brandy,0,1996
DERIVADOS,Brandy,0,1997
DERIVADOS,Brandy,0,1998
DERIVADOS,Brandy,0,1999
DERIVADOS,Brandy,0,2000
DERIVADOS,Brandy,0,2001
DERIVADOS,Brandy,0,2002
DERIVADOS,Brandy,0,2003
DERIVADOS,Brandy,0,2004
DERIVADOS,Brandy,0,2005
DERIVADOS,Brandy,0,2006
DERIVADOS,Brandy,0,2007
DERIVADOS,Brandy,0,2008
DERIVADOS,Brandy,0,2009
DERIVADOS,Brandy,0,2010
DERIVADOS,Brandy,0,2011
DERIVADOS,Brandy,0,2012
DERIVADOS,Brandy,0,2013
DERIVADOS,Brandy,0,2014
DERIVADOS,Brandy,0,2015
DERIVADOS,Brandy,0,2016
DERIVADOS,Brandy,0,2017
DERIVADOS,Brandy,0,2018
DERIVADOS,Brandy,0,2019
DERIVADOS,Brandy,0,2020
DERIVADOS,Brandy,120,2021
DERIVADOS,Brandy,0,2022
DERIVADOS,Brandy,450,2023
DERIVADOS,Brandy,0,2024
DERIVADOS,Compostos,0,1970
DERIVADOS,Compostos,45000,1971
DERIVADOS,Compostos,1358300,1972
DERIVADOS,Compostos,1628000,1973
DERIVADOS,Compostos,0,1974
DERIVADOS,Compostos,0,1975
DERIVADOS,Compostos,0,1976
DERIVADOS,Compostos,0,1977
DERIVADOS,Compostos,75000,1978
DERIVADOS,Compostos,0,1979
DERIVADOS,Compostos,0,1980
DERIVADOS,Compostos,0,1981
DERIVADOS,Compostos,0,1982
DERIVADOS,Compostos,0,1983
DERIVADOS,Compostos,0,1984
DERIVADOS,Compostos,0,1985
DERIVADOS,Compostos,0,1986
DERIVADOS,Compostos,0,1987
DERIVADOS,Compostos,2000,1988
DERIVADOS,Compostos,1900,1989
DERIVADOS,Compostos,0,1990
DERIVADOS,Compostos,0,1991
DERIVADOS,Compostos,0,1992
DERIVADOS,Compostos,0,1993
DERIVADOS,Compostos,0,1994
DERIVADOS,Compostos,0,1995
DERIVADOS,Compostos,0,1996
DERIVADOS,Compostos,0,1997
DERIVADOS,Compostos,0,1998
DERIVADOS,Compostos,0,1999
DERIVADOS,Compostos,0,2000
DERIVADOS,Compostos,0,2001
DERIVADOS,Compostos,0,2002
DERIVADOS,Compostos,0,2003
DERIVADOS,Compostos,0,2004
DERIVADOS,Compostos,0,2005
DERIVADOS,Compostos,0,2006
DERIVADOS,Compostos,0,2007
DERIVADOS,Compostos,0,2008
DERIVADOS,Compostos,0,2009
DERIVADOS,Compostos,0,2010
DERIVADOS,Compostos,0,2011
DERIVADOS,Compostos,7600,2012
DERIVADOS,Compostos,0,2013
DERIVADOS,Compostos,0,2014
DERIVADOS,Compostos,0,2015
DERIVADOS,Compostos,0,2016
DERIVADOS,Compostos,0,2017
DERIVADOS,Compostos,0,2018
DERIVADOS,Compostos,0,2019
DERIVADOS,Compostos,0,2020
DERIVADOS,Compostos,0,2021
DERIVADOS,Compostos,0,2022
DERIVADOS,Compostos,0,2023
DERIVADOS,Compostos,0,2024
DERIVADOS,Destilado,830030,1970
DERIVADOS,Destilado,0,1971
DERIVADOS,Destilado,0,1972
DERIVADOS,Destilado,0,1973
DERIVADOS,Destilado,0,1974
DERIVADOS,Destilado,0,1975
DERIVADOS,Destilado,0,1976
DERIVADOS,Destilado,0,1977
DERIVADOS,Destilado,0,1978
DERIVADOS,Destilado,0,1979
DERIVADOS,Destilado,0,1980
DERIVADOS,Destilado,0,1981
DERIVADOS,Destilado,0,1982
DERIVADOS,Destilado,0,1983
DERIVADOS,Destilado,0,1984
DERIVADOS,Destilado,342650,1985
DERIVADOS,Destilado,222230,1986
DERIVADOS,Destilado,472576,1987
DERIVADOS,Destilado,287220,1988
DERIVADOS,Destilado,176800,1989
DERIVADOS,Destilado,0,1990
DERIVADOS,Destilado,0,1991
DERIVADOS,Destilado,0,1992
DERIVADOS,Destilado,0,1993
DERIVADOS,Destilado,0,1994
DERIVADOS,Destilado,0,1995
DERIVADOS,Destilado,0,1996
DERIVADOS,Destilado,0,1997
DERIVADOS,Destilado,0,1998
DERIVADOS,Destilado,7350,1999
DERIVADOS,Destilado,1960,2000
DERIVADOS,Destilado,0,2001
DERIVADOS,Destilado,0,2002
DERIVADOS,Destilado,0,2003
DERIVADOS,Destilado,1000,2004
DERIVADOS,Destilado,0,2005
DERIVADOS,Destilado,0,2006
DERIVADOS,Destilado,0,2007
DERIVADOS,Destilado,0,2008
DERIVADOS,Destilado,0,2009
DERIVADOS,Destilado,0,2010
DERIVADOS,Destilado,0,2011
DERIVADOS,Destilado,0,2012
DERIVADOS,Destilado,0,2013
DERIVADOS,Destilado,0,2014
DERIVADOS,Destilado,0,2015
DERIVADOS,Destilado,0,2016
DERIVADOS,Destilado,0,2017
DERIVADOS,Destilado,680,2018
DERIVADOS,Destilado,0,2019
DERIVADOS,Destilado,0,2020
DERIVADOS,Destilado,0,2021
DERIVADOS,Destilado,0,2022
DERIVADOS,Destilado,0,2023
DERIVADOS,Destilado,0,2024
DERIVADOS,Destilado alcoólico simples de bagaceira,0,1970
DERIVADOS,Destilado alcoólico simples de bagaceira,0,1971
DERIVADOS,Destilado alcoólico simples de bagaceira,0,1972
DERIVADOS,Destilado alcoólico simples de bagaceira,0,1973
DERIVADOS,Destilado alcoólico simples de bagaceira,0,1974
DERIVADOS,Destilado alcoólico simples de bagaceira,0,1975
DERIVADOS,Destilado alcoólico simples de bagaceira,0,1976
DERIVADOS,Destilado alcoólico simples de bagaceira,0,1977
DERIVADOS,Destilado alcoólico simples de bagaceira,0,1978
DERIVADOS,Destilado alcoólico simples de bagaceira,0,1979
DERIVADOS,Destilado alcoólico simples de bagaceira,0,1980
DERIVADOS,Destilado alcoólico simples de bagaceira,0,1981
DERIVADOS,Destilado alcoólico simples de bagaceira,0,1982
DERIVADOS,Destilado alcoólico simples de bagaceira,0,1983
DERIVADOS,Destilado alcoólico simples de bagaceira,0,1984
DERIVADOS,Destilado alcoólico simples de bagaceira,0,1985
DERIVADOS,Destilado alcoólico simples de bagaceira,0,1986
DERIVADOS,Destilado alcoólico simples de bagaceira,0,1987
DERIVADOS,Destilado alcoólico simples de bagaceira,0,1988
DERIVADOS,Destilado alcoólico simples de bagaceira,0,1989
DERIVADOS,Destilado alcoólico simples de bagaceira,0,1990
DERIVADOS,Destilado alcoólico simples de bagaceira,0,1991
DERIVADOS,Destilado alcoólico simples de bagaceira,0,1992
DERIVADOS,Destilado alcoólico simples de bagaceira,0,1993
DERIVADOS,Destilado alcoólico simples de bagaceira,0,1994
DERIVADOS,Destilado alcoólico simples de bagaceira,0,1995
DERIVADOS,Destilado alcoólico simples de bagaceira,0,1996
DERIVADOS,Destilado alcoólico simples de bagaceira,0,1997
DERIVADOS,Destilado alcoólico simples de bagaceira,0,1998
DERIVADOS,Destilado alcoólico simples de bagaceira,0,1999
DERIVADOS,Destilado alcoólico simples de bagaceira,0,2000
DERIVADOS,Destilado alcoólico simples de bagaceira,0,2001
DERIVADOS,Destilado alcoólico simples de bagaceira,0,2002
DERIVADOS,Destilado alcoólico simples de bagaceira,0,2003
DERIVADOS,Destilado alcoólico simples de bagaceira,0,2004
DERIVADOS,Destilado alcoólico simples de bagaceira,0,2005
DERIVADOS,Destilado alcoólico simples de bagaceira,0,2006
DERIVADOS,Destilado alcoólico simples de bagaceira,0,2007
DERIVADOS,Destilado alcoólico simples de bagaceira,0,2008
DERIVADOS,Destilado alcoólico simples de bagaceira,0,2009
DERIVADOS,Destilado alcoólico simples de bagaceira,0,2010
DERIVADOS,Destilado alcoólico simples de bagaceira,0,2011
DERIVADOS,Destilado alcoólico simples de bagaceira,0,2012
DERIVADOS,Destilado alcoólico simples de bagaceira,0,2013
DERIVADOS,Destilado alcoólico simples de bagaceira,0,2014
DERIVADOS,Destilado alcoólico simples de bagaceira,0,2015
DERIVADOS,Destilado alcoólico simples de bagaceira,0,2016
DERIVADOS,Destilado alcoólico simples de bagaceira,0,2017
DERIVADOS,Destilado alcoólico simples de bagaceira,0,2018
DERIVADOS,Destilado alcoólico simples de bagaceira,0,2019
DERIVADOS,Destilado alcoólico simples de bagaceira,500,2020
DERIVADOS,Destilado alcoólico simples de bagaceira,3000,2021
DERIVADOS,Destilado alcoólico simples de bagaceira,4300,2022
DERIVADOS,Destilado alcoólico simples de bagaceira,0,2023
DERIVADOS,Destilado alcoólico simples de bagaceira,0,2024
DERIVADOS,Espumante,0,1970
DERIVADOS,Espumante,0,1971
DERIVADOS,Espumante,0,1972
DERIVADOS,Espumante,0,1973
DERIVADOS,Espumante,0,1974
DERIVADOS,Espumante,0,1975
DERIVADOS,Espumante,0,1976
DERIVADOS,Espumante,0,1977
DERIVADOS,Espumante,0,1978
DERIVADOS,Espumante,0,1979
DERIVADOS,Espumante,0,1980
DERIVADOS,Espumante,0,1981
DERIVADOS,Espumante,0,1982
DERIVADOS,Espumante,0,1983
DERIVADOS,Espumante,0,1984
DERIVADOS,Espumante,0,1985
DERIVADOS,Espumante,0,1986
DERIVADOS,Espumante,0,1987
DERIVADOS,Espumante,76000,1988
DERIVADOS,Espumante,0,1989
DERIVADOS,Espumante,0,1990
DERIVADOS,Espumante,0,1991
DERIVADOS,Espumante,11000,1992
DERIVADOS,Espumante,0,1993
DERIVADOS,Espumante,0,1994
DERIVADOS,Espumante,0,1995
DERIVADOS,Espumante,0,1996
DERIVADOS,Espumante,0,1997
DERIVADOS,Espumante,0,1998
DERIVADOS,Espumante,6900,1999
DERIVADOS,Espumante,71410,2000
DERIVADOS,Espumante,0,2001
DERIVADOS,Espumante,0,2002
DERIVADOS,Espumante,0,2003
DERIVADOS,Espumante,3999,2004
DERIVADOS,Espumante,1920,2005
DERIVADOS,Espumante,26600,2006
DERIVADOS,Espumante,0,2007
DERIVADOS,Espumante,88690,2008
DERIVADOS,Espumante,0,2009
DERIVADOS,Espumante,10125,2010
DERIVADOS,Espumante,26361,2011
DERIVADOS,Espumante,17200,2012
DERIVADOS,Espumante,30275,2013
DERIVADOS,Espumante,2700,2014
DERIVADOS,Espumante,23750,2015
DERIVADOS,Espumante,1500,2016
DERIVADOS,Espumante,11280,2017
DERIVADOS,Espumante,68500,2018
DERIVADOS,Espumante,52176,2019
DERIVADOS,Espumante,32399,2020
DERIVADOS,Espumante,70091,2021
DERIVADOS,Espumante,70759,2022
DERIVADOS,Espumante,65525,2023
DERIVADOS,Espumante,0,2024
DERIVADOS,Espumante moscatel,0,1970
DERIVADOS,Espumante moscatel,0,1971
DERIVADOS,Espumante moscatel,0,1972
DERIVADOS,Espumante moscatel,0,1973
DERIVADOS,Espumante moscatel,0,1974
DERIVADOS,Espumante moscatel,0,1975
DERIVADOS,Espumante moscatel,0,1976
DERIVADOS,Espumante moscatel,0,1977
DERIVADOS,Espumante moscatel,0,1978
DERIVADOS,Espumante moscatel,0,1979
DERIVADOS,Espumante moscatel,0,1980
DERIVADOS,Espumante moscatel,0,1981
DERIVADOS,Espumante moscatel,0,1982
DERIVADOS,Espumante moscatel,0,1983
DERIVADOS,Espumante moscatel,0,1984
DERIVADOS,Espumante moscatel,0,1985
DERIVADOS,Espumante moscatel,0,1986
DERIVADOS,Espumante moscatel,0,1987
DERIVADOS,Espumante moscatel,0,1988
DERIVADOS,Espumante moscatel,0,1989
DERIVADOS,Espumante moscatel,0,1990
DERIVADOS,Espumante moscatel,0,1991
DERIVADOS,Espumante moscatel,0,1992
DERIVADOS,Espumante moscatel,0,1993
DERIVADOS,Espumante moscatel,0,1994
DERIVADOS,Espumante moscatel,0,1995
DERIVADOS,Espumante moscatel,0,1996
DERIVADOS,Espumante moscatel,0,1997
DERIVADOS,Espumante moscatel,0,1998
DERIVADOS,Espumante moscatel,0,1999
DERIVADOS,Espumante moscatel,0,2000
DERIVADOS,Espumante moscatel,276099,2001
DERIVADOS,Espumante moscatel,0,2002
DERIVADOS,Espumante moscatel,147600,2003
DERIVADOS,Espumante moscatel,204000,2004
DERIVADOS,Espumante moscatel,514480,2005
DERIVADOS,Espumante moscatel,320514,2006
DERIVADOS,Espumante moscatel,589332,2007
DERIVADOS,Espumante moscatel,1113462,2008
DERIVADOS,Espumante moscatel,1190500,2009
DERIVADOS,Espumante moscatel,703393,2010
DERIVADOS,Espumante moscatel,219100,2011
DERIVADOS,Espumante moscatel,139775,2012
DERIVADOS,Espumante moscatel,159781,2013
DERIVADOS,Espumante moscatel,100000,2014
DERIVADOS,Espumante moscatel,110100,2015
DERIVADOS,Espumante moscatel,100000,2016
DERIVADOS,Espumante moscatel,152375,2017
DERIVADOS,Espumante moscatel,326200,2018
DERIVADOS,Espumante moscatel,515800,2019
DERIVADOS,Espumante moscatel,689139,2020
DERIVADOS,Espumante moscatel,11950,2021
DERIVADOS,Espumante moscatel,27200,2022
DERIVADOS,Espumante moscatel,14744,2023
DERIVADOS,Espumante moscatel,0,2024
DERIVADOS,Espumante orgânico,0,1970
DERIVADOS,Espumante orgânico,0,1971
DERIVADOS,Espumante orgânico,0,1972
DERIVADOS,Espumante orgânico,0,1973
DERIVADOS,Espumante orgânico,0,1974
DERIVADOS,Espumante orgânico,0,1975
DERIVADOS,Espumante orgânico,0,1976
DERIVADOS,Espumante orgânico,0,1977
DERIVADOS,Espumante orgânico,0,1978
DERIVADOS,Espumante orgânico,0,1979
DERIVADOS,Espumante orgânico,0,1980
DERIVADOS,Espumante orgânico,0,1981
DERIVADOS,Espumante orgânico,0,1982
DERIVADOS,Espumante orgânico,0,1983
DERIVADOS,Espumante orgânico,0,1984
DERIVADOS,Espumante orgânico,0,1985
DERIVADOS,Espumante orgânico,0,1986
DERIVADOS,Espumante orgânico,0,1987
DERIVADOS,Espumante orgânico,0,1988
DERIVADOS,Espumante orgânico,0,1989
DERIVADOS,Espumante orgânico,0,1990
DERIVADOS,Espumante orgânico,0,1991
DERIVADOS,Espumante orgânico,0,1992
DERIVADOS,Espumante orgânico,0,1993
DERIVADOS,Espumante orgânico,0,1994
DERIVADOS,Espumante orgânico,0,1995
DERIVADOS,Espumante orgânico,0,1996
DERIVADOS,Espumante orgânico,0,1997
DERIVADOS,Espumante orgânico,0,1998
DERIVADOS,Espumante orgânico,0,1999
DERIVADOS,Espumante orgânico,0,2000
DERIVADOS,Espumante orgânico,0,2001
DERIVADOS,Espumante orgânico,0,2002
DERIVADOS,Espumante orgânico,0,2003
DERIVADOS,Espumante orgânico,0,2004
DERIVADOS,Espumante orgânico,0,2005
DERIVADOS,Espumante orgânico,0,2006
DERIVADOS,Espumante orgânico,0,2007
DERIVADOS,Espumante orgânico,0,2008
DERIVADOS,Espumante orgânico,0,2009
DERIVADOS,Espumante orgânico,0,2010
DERIVADOS,Espumante orgânico,0,2011
DERIVADOS,Espumante orgânico,0,2012
DERIVADOS,Espumante orgânico,0,2013
DERIVADOS,Espumante orgânico,0,2014
DERIVADOS,Espumante orgânico,0,2015
DERIVADOS,Espumante orgânico,0,2016
DERIVADOS,Espumante orgânico,0,2017
DERIVADOS,Espumante orgânico,0,2018
DERIVADOS,Espumante orgânico,0,2019
DERIVADOS,Espumante orgânico,0,2020
DERIVADOS,Espumante orgânico,2412,2021
DERIVADOS,Espumante orgânico,0,2022
DERIVADOS,Espumante orgânico,1365,2023
DERIVADOS,Espumante orgânico,0,2024
DERIVADOS,Filtrado,0,1970
DERIVADOS,Filtrado,0,1971
DERIVADOS,Filtrado,0,1972
DERIVADOS,Filtrado,0,1973
DERIVADOS,Filtrado,0,1974
DERIVADOS,Filtrado,0,1975
DERIVADOS,Filtrado,0,1976
DERIVADOS,Filtrado,0,1977
DERIVADOS,Filtrado,0,1978
DERIVADOS,Filtrado,0,1979
DERIVADOS,Filtrado,0,1980
DERIVADOS,Filtrado,0,1981
DERIVADOS,Filtrado,0,1982
DERIVADOS,Filtrado,0,1983
DERIVADOS,Filtrado,0,1984
DERIVADOS,Filtrado,0,1985
DERIVADOS,Filtrado,0,1986
DERIVADOS,Filtrado,0,1987
DERIVADOS,Filtrado,88000,1988
DERIVADOS,Filtrado,39000,1989
DERIVADOS,Filtrado,11000,1990
DERIVADOS,Filtrado,18000,1991
DERIVADOS,Filtrado,11000,1992
DERIVADOS,Filtrado,0,1993
DERIVADOS,Filtrado,0,1994
DERIVADOS,Filtrado,0,1995
DERIVADOS,Filtrado,0,1996
DERIVADOS,Filtrado,0,1997
DERIVADOS,Filtrado,0,1998
DERIVADOS,Filtrado,0,1999
DERIVADOS,Filtrado,0,2000
DERIVADOS,Filtrado,0,2001
DERIVADOS,Filtrado,0,2002
DERIVADOS,Filtrado,0,2003
DERIVADOS,Filtrado,0,2004
DERIVADOS,Filtrado,0,2005
DERIVADOS,Filtrado,0,2006
DERIVADOS,Filtrado,0,2007
DERIVADOS,Filtrado,0,2008
DERIVADOS,Filtrado,0,2009
DERIVADOS,Filtrado,0,2010
DERIVADOS,Filtrado,0,2011
DERIVADOS,Filtrado,0,2012
DERIVADOS,Filtrado,0,2013
DERIVADOS,Filtrado,0,2014
DERIVADOS,Filtrado,0,2015
DERIVADOS,Filtrado,0,2016
DERIVADOS,Filtrado,0,2017
DERIVADOS,Filtrado,0,2018
DERIVADOS,Filtrado,0,2019
DERIVADOS,Filtrado,0,2020
DERIVADOS,Filtrado,0,2021
DERIVADOS,Filtrado,0,2022
DERIVADOS,Filtrado,0,2023
DERIVADOS,Filtrado,0,2024
DERIVADOS,Frisante,0,1970
DERIVADOS,Frisante,0,1971
DERIVADOS,Frisante,0,1972
DERIVADOS,Frisante,0,1973
DERIVADOS,Frisante,0,1974
DERIVADOS,Frisante,0,1975
DERIVADOS,Frisante,0,1976
DERIVADOS,Frisante,0,1977
DERIVADOS,Frisante,0,1978
DERIVADOS,Frisante,0,1979
DERIVADOS,Frisante,0,1980
DERIVADOS,Frisante,0,1981
DERIVADOS,Frisante,0,1982
DERIVADOS,Frisante,0,1983
DERIVADOS,Frisante,0,1984
DERIVADOS,Frisante,0,1985
DERIVADOS,Frisante,0,1986
DERIVADOS,Frisante,0,1987
DERIVADOS,Frisante,0,1988
DERIVADOS,Frisante,0,1989
DERIVADOS,Frisante,0,1990
DERIVADOS,Frisante,0,1991
DERIVADOS,Frisante,0,1992
DERIVADOS,Frisante,0,1993
DERIVADOS,Frisante,0,1994
DERIVADOS,Frisante,0,1995
DERIVADOS,Frisante,0,1996
DERIVADOS,Frisante,0,1997
DERIVADOS,Frisante,0,1998
DERIVADOS,Frisante,0,1999
DERIVADOS,Frisante,0,2000
DERIVADOS,Frisante,0,2001
DERIVADOS,Frisante,0,2002
DERIVADOS,Frisante,0,2003
DERIVADOS,Frisante,0,2004
DERIVADOS,Frisante,0,2005
DERIVADOS,Frisante,0,2006
DERIVADOS,Frisante,0,2007
DERIVADOS,Frisante,0,2008
DERIVADOS,Frisante,0,2009
DERIVADOS,Frisante,831000,2010
DERIVADOS,Frisante,1003800,2011
DERIVADOS,Frisante,778500,2012
DERIVADOS,Frisante,1009000,2013
DERIVADOS,Frisante,26069,2014
DERIVADOS,Frisante,0,2015
DERIVADOS,Frisante,0,2016
DERIVADOS,Frisante,0,2017
DERIVADOS,Frisante,0,2018
DERIVADOS,Frisante,0,2019
DERIVADOS,Frisante,0,2020
DERIVADOS,Frisante,1390,2021
DERIVADOS,Frisante,0,2022
DERIVADOS,Frisante,0,2023
DERIVADOS,Frisante,0,2024
DERIVADOS,Jeropiga,0,1970
DERIVADOS,Jeropiga,0,1971
DERIVADOS,Jeropiga,0,1972
DERIVADOS,Jeropiga,0,1973
DERIVADOS,Jeropiga,0,1974
DERIVADOS,Jeropiga,0,1975
DERIVADOS,Jeropiga,107500,1976
DERIVADOS,Jeropiga,12500,1977
DERIVADOS,Jeropiga,60000,1978
DERIVADOS,Jeropiga,20000,1979
DERIVADOS,Jeropiga,0,1980
DERIVADOS,Jeropiga,0,1981
DERIVADOS,Jeropiga,0,1982
DERIVADOS,Jeropiga,0,1983
DERIVADOS,Jeropiga,0,1984
DERIVADOS,Jeropiga,234500,1985
DERIVADOS,Jeropiga,173000,1986
DERIVADOS,Jeropiga,122000,1987
DERIVADOS,Jeropiga,61000,1988
DERIVADOS,Jeropiga,42000,1989
DERIVADOS,Jeropiga,0,1990
DERIVADOS,Jeropiga,0,1991
DERIVADOS,Jeropiga,60000,1992
DERIVADOS,Jeropiga,0,1993
DERIVADOS,Jeropiga,0,1994
DERIVADOS,Jeropiga,0,1995
DERIVADOS,Jeropiga,0,1996
DERIVADOS,Jeropiga,0,1997
DERIVADOS,Jeropiga,0,1998
DERIVADOS,Jeropiga,0,1999
DERIVADOS,Jeropiga,0,2000
DERIVADOS,Jeropiga,0,2001
DERIVADOS,Jeropiga,0,2002
DERIVADOS,Jeropiga,0,2003
DERIVADOS,Jeropiga,0,2004
DERIVADOS,Jeropiga,0,2005
DERIVADOS,Jeropiga,0,2006
DERIVADOS,Jeropiga,0,2007
DERIVADOS,Jeropiga,0,2008
DERIVADOS,Jeropiga,0,2009
DERIVADOS,Jeropiga,69000,2010
DERIVADOS,Jeropiga,0,2011
DERIVADOS,Jeropiga,0,2012
DERIVADOS,Jeropiga,0,2013
DERIVADOS,Jeropiga,0,2014
DERIVADOS,Jeropiga,0,2015
DERIVADOS,Jeropiga,0,2016
DERIVADOS,Jeropiga,0,2017
DERIVADOS,Jeropiga,0,2018
DERIVADOS,Jeropiga,0,2019
DERIVADOS,Jeropiga,2000,2020
DERIVADOS,Jeropiga,3540,2021
DERIVADOS,Jeropiga,5000,2022
DERIVADOS,Jeropiga,4500,2023
DERIVADOS,Jeropiga,0,2024
DERIVADOS,Licor de bagaceira,0,1970
DERIVADOS,Licor de bagaceira,0,1971
DERIVADOS,Licor de bagaceira,0,1972
DERIVADOS,Licor de bagaceira,0,1973
DERIVADOS,Licor de bagaceira,0,1974
DERIVADOS,Licor de bagaceira,0,1975
DERIVADOS,Licor de bagaceira,0,1976
DERIVADOS,Licor de bagaceira,0,1977
DERIVADOS,Licor de bagaceira,0,1978
DERIVADOS,Licor de bagaceira,0,1979
DERIVADOS,Licor de bagaceira,0,1980
DERIVADOS,Licor de bagaceira,0,1981
DERIVADOS,Licor de bagaceira,0,1982
DERIVADOS,Licor de bagaceira,0,1983
DERIVADOS,Licor de bagaceira,0,1984
DERIVADOS,Licor de bagaceira,0,1985
DERIVADOS,Licor de bagaceira,0,1986
DERIVADOS,Licor de bagaceira,0,1987
DERIVADOS,Licor de bagaceira,0,1988
DERIVADOS,Licor de bagaceira,0,1989
DERIVADOS,Licor de bagaceira,0,1990
DERIVADOS,Licor de bagaceira,0,1991
DERIVADOS,Licor de bagaceira,0,1992
DERIVADOS,Licor de bagaceira,0,1993
DERIVADOS,Licor de bagaceira,0,1994
DERIVADOS,Licor de bagaceira,0,1995
DERIVADOS,Licor de bagaceira,0,1996
DERIVADOS,Licor de bagaceira,0,1997
DERIVADOS,Licor de bagaceira,0,1998
DERIVADOS,Licor de bagaceira,0,1999
DERIVADOS,Licor de bagaceira,0,2000
DERIVADOS,Licor de bagaceira,0,2001
DERIVADOS,Licor de bagaceira,0,2002
DERIVADOS,Licor de bagaceira,0,2003
DERIVADOS,Licor de bagaceira,0,2004
DERIVADOS,Licor de bagaceira,0,2005
DERIVADOS,Licor de bagaceira,0,2006
DERIVADOS,Licor de bagaceira,0,2007
DERIVADOS,Licor de bagaceira,0,2008
DERIVADOS,Licor de bagaceira,0,2009
DERIVADOS,Licor de bagaceira,0,2010
DERIVADOS,Licor de bagaceira,0,2011
DERIVADOS,Licor de bagaceira,0,2012
DERIVADOS,Licor de bagaceira,0,2013
DERIVADOS,Licor de bagaceira,0,2014
DERIVADOS,Licor de bagaceira,0,2015
DERIVADOS,Licor de bagaceira,0,2016
DERIVADOS,Licor de bagaceira,0,2017
DERIVADOS,Licor de bagaceira,0,2018
DERIVADOS,Licor de bagaceira,1507,2019
DERIVADOS,Licor de bagaceira,5800,2020
DERIVADOS,Licor de bagaceira,0,2021
DERIVADOS,Licor de bagaceira,0,2022
DERIVADOS,Licor de bagaceira,0,2023
DERIVADOS,Licor de bagaceira,0,2024
DERIVADOS,Licorosos,282500,1970
DERIVADOS,Licorosos,270000,1971
DERIVADOS,Licorosos,254600,1972
DERIVADOS,Licorosos,176500,1973
DERIVADOS,Licorosos,135000,1974
DERIVADOS,Licorosos,24000,1975
DERIVADOS,Licorosos,4400,1976
DERIVADOS,Licorosos,525000,1977
DERIVADOS,Licorosos,479971,1978
DERIVADOS,Licorosos,34000,1979
DERIVADOS,Licorosos,0,1980
DERIVADOS,Licorosos,0,1981
DERIVADOS,Licorosos,0,1982
DERIVADOS,Licorosos,0,1983
DERIVADOS,Licorosos,0,1984
DERIVADOS,Licorosos,0,1985
DERIVADOS,Licorosos,0,1986
DERIVADOS,Licorosos,0,1987
DERIVADOS,Licorosos,3000,1988
DERIVADOS,Licorosos,20000,1989
DERIVADOS,Licorosos,24300,1990
DERIVADOS,Licorosos,11500,1991
DERIVADOS,Licorosos,7800,1992
DERIVADOS,Licorosos,0,1993
DERIVADOS,Licorosos,0,1994
DERIVADOS,Licorosos,0,1995
DERIVADOS,Licorosos,0,1996
DERIVADOS,Licorosos,0,1997
DERIVADOS,Licorosos,0,1998
DERIVADOS,Licorosos,44740,1999
DERIVADOS,Licorosos,21000,2000
DERIVADOS,Licorosos,4000,2001
DERIVADOS,Licorosos,0,2002
DERIVADOS,Licorosos,34420,2003
DERIVADOS,Licorosos,0,2004
DERIVADOS,Licorosos,0,2005
DERIVADOS,Licorosos,0,2006
DERIVADOS,Licorosos,0,2007
DERIVADOS,Licorosos,0,2008
DERIVADOS,Licorosos,38000,2009
DERIVADOS,Licorosos,0,2010
DERIVADOS,Licorosos,0,2011
DERIVADOS,Licorosos,26775,2012
DERIVADOS,Licorosos,0,2013
DERIVADOS,Licorosos,0,2014
DERIVADOS,Licorosos,0,2015
DERIVADOS,Licorosos,0,2016
DERIVADOS,Licorosos,110820,2017
DERIVADOS,Licorosos,0,2018
DERIVADOS,Licorosos,0,2019
DERIVADOS,Licorosos,0,2020
DERIVADOS,Licorosos,0,2021
DERIVADOS,Licorosos,0,2022
DERIVADOS,Licorosos,0,2023
DERIVADOS,Licorosos,0,2024
DERIVADOS,Mistelas,1072100,1970
DERIVADOS,Mistelas,818400,1971
DERIVADOS,Mistelas,871200,1972
DERIVADOS,Mistelas,512900,1973
DERIVADOS,Mistelas,826300,1974
DERIVADOS,Mistelas,223000,1975
DERIVADOS,Mistelas,205500,1976
DERIVADOS,Mistelas,553200,1977
DERIVADOS,Mistelas,242150,1978
DERIVADOS,Mistelas,60300,1979
DERIVADOS,Mistelas,0,1980
DERIVADOS,Mistelas,0,1981
DERIVADOS,Mistelas,0,1982
DERIVADOS,Mistelas,0,1983
DERIVADOS,Mistelas,0,1984
DERIVADOS,Mistelas,0,1985
DERIVADOS,Mistelas,378400,1986
DERIVADOS,Mistelas,402600,1987
DERIVADOS,Mistelas,196000,1988
DERIVADOS,Mistelas,32000,1989
DERIVADOS,Mistelas,149000,1990
DERIVADOS,Mistelas,0,1991
DERIVADOS,Mistelas,0,1992
DERIVADOS,Mistelas,0,1993
DERIVADOS,Mistelas,0,1994
DERIVADOS,Mistelas,0,1995
DERIVADOS,Mistelas,0,1996
DERIVADOS,Mistelas,0,1997
DERIVADOS,Mistelas,0,1998
DERIVADOS,Mistelas,0,1999
DERIVADOS,Mistelas,33000,2000
DERIVADOS,Mistelas,15000,2001
DERIVADOS,Mistelas,0,2002
DERIVADOS,Mistelas,5500,2003
DERIVADOS,Mistelas,11500,2004
DERIVADOS,Mistelas,9960,2005
DERIVADOS,Mistelas,0,2006
DERIVADOS,Mistelas,1900,2007
DERIVADOS,Mistelas,2000,2008
DERIVADOS,Mistelas,3500,2009
DERIVADOS,Mistelas,0,2010
DERIVADOS,Mistelas,0,2011
DERIVADOS,Mistelas,200,2012
DERIVADOS,Mistelas,2500,2013
DERIVADOS,Mistelas,1000,2014
DERIVADOS,Mistelas,0,2015
DERIVADOS,Mistelas,0,2016
DERIVADOS,Mistelas,1500,2017
DERIVADOS,Mistelas,2000,2018
DERIVADOS,Mistelas,3000,2019
DERIVADOS,Mistelas,0,2020
DERIVADOS,Mistelas,2500,2021
DERIVADOS,Mistelas,0,2022
DERIVADOS,Mistelas,600,2023
DERIVADOS,Mistelas,0,2024
DERIVADOS,Mosto concentrado,0,1970
DERIVADOS,Mosto concentrado,0,1971
DERIVADOS,Mosto concentrado,0,1972
DERIVADOS,Mosto concentrado,0,1973
DERIVADOS,Mosto concentrado,0,1974
DERIVADOS,Mosto concentrado,0,1975
DERIVADOS,Mosto concentrado,0,1976
DERIVADOS,Mosto concentrado,0,1977
DERIVADOS,Mosto concentrado,0,1978
DERIVADOS,Mosto concentrado,0,1979
DERIVADOS,Mosto concentrado,0,1980
DERIVADOS,Mosto concentrado,0,1981
DERIVADOS,Mosto concentrado,0,1982
DERIVADOS,Mosto concentrado,0,1983
DERIVADOS,Mosto concentrado,0,1984
DERIVADOS,Mosto concentrado,354707,1985
DERIVADOS,Mosto concentrado,295800,1986
DERIVADOS,Mosto concentrado,400500,1987
DERIVADOS,Mosto concentrado,384200,1988
DERIVADOS,Mosto concentrado,732470,1989
DERIVADOS,Mosto concentrado,1098250,1990
DERIVADOS,Mosto concentrado,921400,1991
DERIVADOS,Mosto concentrado,288900,1992
DERIVADOS,Mosto concentrado,355100,1993
DERIVADOS,Mosto concentrado,335500,1994
DERIVADOS,Mosto concentrado,265000,1995
DERIVADOS,Mosto concentrado,292000,1996
DERIVADOS,Mosto concentrado,490000,1997
DERIVADOS,Mosto concentrado,381000,1998
DERIVADOS,Mosto concentrado,411354,1999
DERIVADOS,Mosto concentrado,0,2000
DERIVADOS,Mosto concentrado,0,2001
DERIVADOS,Mosto concentrado,0,2002
DERIVADOS,Mosto concentrado,0,2003
DERIVADOS,Mosto concentrado,0,2004
DERIVADOS,Mosto concentrado,83116,2005
DERIVADOS,Mosto concentrado,0,2006
DERIVADOS,Mosto concentrado,110000,2007
DERIVADOS,Mosto concentrado,0,2008
DERIVADOS,Mosto concentrado,0,2009
DERIVADOS,Mosto concentrado,0,2010
DERIVADOS,Mosto concentrado,0,2011
DERIVADOS,Mosto concentrado,0,2012
DERIVADOS,Mosto concentrado,0,2013
DERIVADOS,Mosto concentrado,0,2014
DERIVADOS,Mosto concentrado,0,2015
DERIVADOS,Mosto concentrado,0,2016
DERIVADOS,Mosto concentrado,0,2017
DERIVADOS,Mosto concentrado,0,2018
DERIVADOS,Mosto concentrado,0,2019
DERIVADOS,Mosto concentrado,0,2020
DERIVADOS,Mosto concentrado,0,2021
DERIVADOS,Mosto concentrado,0,2022
DERIVADOS,Mosto concentrado,0,2023
DERIVADOS,Mosto concentrado,0,2024
DERIVADOS,Mosto de uva com bagaço,0,1970
DERIVADOS,Mosto de uva com bagaço,0,1971
DERIVADOS,Mosto de uva com bagaço,0,1972
DERIVADOS,Mosto de uva com bagaço,0,1973
DERIVADOS,Mosto de uva com bagaço,0,1974
DERIVADOS,Mosto de uva com bagaço,0,1975
DERIVADOS,Mosto de uva com bagaço,0,1976
DERIVADOS,Mosto de uva com bagaço,0,1977
DERIVADOS,Mosto de uva com bagaço,0,1978
DERIVADOS,Mosto de uva com bagaço,0,1979
DERIVADOS,Mosto de uva com bagaço,0,1980
DERIVADOS,Mosto de uva com bagaço,0,1981
DERIVADOS,Mosto de uva com bagaço,0,1982
DERIVADOS,Mosto de uva com bagaço,0,1983
DERIVADOS,Mosto de uva com bagaço,0,1984
DERIVADOS,Mosto de uva com bagaço,0,1985
DERIVADOS,Mosto de uva com bagaço,0,1986
DERIVADOS,Mosto de uva com bagaço,0,1987
DERIVADOS,Mosto de uva com bagaço,0,1988
DERIVADOS,Mosto de uva com bagaço,0,1989
DERIVADOS,Mosto de uva com bagaço,0,1990
DERIVADOS,Mosto de uva com bagaço,0,1991
DERIVADOS,Mosto de uva com bagaço,0,1992
DERIVADOS,Mosto de uva com bagaço,0,1993
DERIVADOS,Mosto de uva com bagaço,0,1994
DERIVADOS,Mosto de uva com bagaço,0,1995
DERIVADOS,Mosto de uva com bagaço,0,1996
DERIVADOS,Mosto de uva com bagaço,0,1997
DERIVADOS,Mosto de uva com bagaço,0,1998
DERIVADOS,Mosto de uva com bagaço,0,1999
DERIVADOS,Mosto de uva com bagaço,0,2000
DERIVADOS,Mosto de uva com bagaço,0,2001
DERIVADOS,Mosto de uva com bagaço,0,2002
DERIVADOS,Mosto de uva com bagaço,0,2003
DERIVADOS,Mosto de uva com bagaço,0,2004
DERIVADOS,Mosto de uva com bagaço,0,2005
DERIVADOS,Mosto de uva com bagaço,0,2006
DERIVADOS,Mosto de uva com bagaço,0,2007
DERIVADOS,Mosto de uva com bagaço,0,2008
DERIVADOS,Mosto de uva com bagaço,0,2009
DERIVADOS,Mosto de uva com bagaço,0,2010
DERIVADOS,Mosto de uva com bagaço,1037600,2011
DERIVADOS,Mosto de uva com bagaço,0,2012
DERIVADOS,Mosto de uva com bagaço,0,2013
DERIVADOS,Mosto de uva com bagaço,0,2014
DERIVADOS,Mosto de uva com bagaço,0,2015
DERIVADOS,Mosto de uva com bagaço,0,2016
DERIVADOS,Mosto de uva com bagaço,772110,2017
DERIVADOS,Mosto de uva com bagaço,0,2018
DERIVADOS,Mosto de uva com bagaço,645816,2019
DERIVADOS,Mosto de uva com bagaço,3078256,2020
DERIVADOS,Mosto de uva com bagaço,618764,2021
DERIVADOS,Mosto de uva com bagaço,0,2022
DERIVADOS,Mosto de uva com bagaço,7784,2023
DERIVADOS,Mosto de uva com bagaço,0,2024
DERIVADOS,Mosto dessulfitado,0,1970
DERIVADOS,Mosto dessulfitado,0,1971
DERIVADOS,Mosto dessulfitado,0,1972
DERIVADOS,Mosto dessulfitado,0,1973
DERIVADOS,Mosto dessulfitado,0,1974
DERIVADOS,Mosto dessulfitado,0,1975
DERIVADOS,Mosto dessulfitado,0,1976
DERIVADOS,Mosto dessulfitado,0,1977
DERIVADOS,Mosto dessulfitado,0,1978
DERIVADOS,Mosto dessulfitado,0,1979
DERIVADOS,Mosto dessulfitado,0,1980
DERIVADOS,Mosto dessulfitado,0,1981
DERIVADOS,Mosto dessulfitado,0,1982
DERIVADOS,Mosto dessulfitado,0,1983
DERIVADOS,Mosto dessulfitado,0,1984
DERIVADOS,Mosto dessulfitado,0,1985
DERIVADOS,Mosto dessulfitado,0,1986
DERIVADOS,Mosto dessulfitado,0,1987
DERIVADOS,Mosto dessulfitado,0,1988
DERIVADOS,Mosto dessulfitado,0,1989
DERIVADOS,Mosto dessulfitado,0,1990
DERIVADOS,Mosto dessulfitado,0,1991
DERIVADOS,Mosto dessulfitado,0,1992
DERIVADOS,Mosto dessulfitado,0,1993
DERIVADOS,Mosto dessulfitado,0,1994
DERIVADOS,Mosto dessulfitado,0,1995
DERIVADOS,Mosto dessulfitado,0,1996
DERIVADOS,Mosto dessulfitado,0,1997
DERIVADOS,Mosto dessulfitado,0,1998
DERIVADOS,Mosto dessulfitado,0,1999
DERIVADOS,Mosto dessulfitado,0,2000
DERIVADOS,Mosto dessulfitado,0,2001
DERIVADOS,Mosto dessulfitado,0,2002
DERIVADOS,Mosto dessulfitado,0,2003
DERIVADOS,Mosto dessulfitado,0,2004
DERIVADOS,Mosto dessulfitado,0,2005
DERIVADOS,Mosto dessulfitado,0,2006
DERIVADOS,Mosto dessulfitado,0,2007
DERIVADOS,Mosto dessulfitado,0,2008
DERIVADOS,Mosto dessulfitado,0,2009
DERIVADOS,Mosto dessulfitado,0,2010
DERIVADOS,Mosto dessulfitado,0,2011
DERIVADOS,Mosto dessulfitado,0,2012
DERIVADOS,Mosto dessulfitado,0,2013
DERIVADOS,Mosto dessulfitado,0,2014
DERIVADOS,Mosto dessulfitado,0,2015
DERIVADOS,Mosto dessulfitado,0,2016
DERIVADOS,Mosto dessulfitado,0,2017
DERIVADOS,Mosto dessulfitado,0,2018
DERIVADOS,Mosto dessulfitado,1000,2019
DERIVADOS,Mosto dessulfitado,5000,2020
DERIVADOS,Mosto dessulfitado,1532000,2021
DERIVADOS,Mosto dessulfitado,0,2022
DERIVADOS,Mosto dessulfitado,0,2023
DERIVADOS,Mosto dessulfitado,0,2024
DERIVADOS,Mosto parcialmente fermentado,0,1970
DERIVADOS,Mosto parcialmente fermentado,0,1971
DERIVADOS,Mosto parcialmente fermentado,0,1972
DERIVADOS,Mosto parcialmente fermentado,0,1973
DERIVADOS,Mosto parcialmente fermentado,0,1974
DERIVADOS,Mosto parcialmente fermentado,0,1975
DERIVADOS,Mosto parcialmente fermentado,0,1976
DERIVADOS,Mosto parcialmente fermentado,0,1977
DERIVADOS,Mosto parcialmente fermentado,0,1978
DERIVADOS,Mosto parcialmente fermentado,0,1979
DERIVADOS,Mosto parcialmente fermentado,0,1980
DERIVADOS,Mosto parcialmente fermentado,0,1981
DERIVADOS,Mosto parcialmente fermentado,0,1982
DERIVADOS,Mosto parcialmente fermentado,0,1983
DERIVADOS,Mosto parcialmente fermentado,0,1984
DERIVADOS,Mosto parcialmente fermentado,0,1985
DERIVADOS,Mosto parcialmente fermentado,0,1986
DERIVADOS,Mosto parcialmente fermentado,0,1987
DERIVADOS,Mosto parcialmente fermentado,0,1988
DERIVADOS,Mosto parcialmente fermentado,0,1989
DERIVADOS,Mosto parcialmente fermentado,0,1990
DERIVADOS,Mosto parcialmente fermentado,0,1991
DERIVADOS,Mosto parcialmente fermentado,0,1992
DERIVADOS,Mosto parcialmente fermentado,0,1993
DERIVADOS,Mosto parcialmente fermentado,0,1994
DERIVADOS,Mosto parcialmente fermentado,0,1995
DERIVADOS,Mosto parcialmente fermentado,0,1996
DERIVADOS,Mosto parcialmente fermentado,0,1997
DERIVADOS,Mosto parcialmente fermentado,0,1998
DERIVADOS,Mosto parcialmente fermentado,0,1999
DERIVADOS,Mosto parcialmente fermentado,0,2000
DERIVADOS,Mosto parcialmente fermentado,0,2001
DERIVADOS,Mosto parcialmente fermentado,0,2002
DERIVADOS,Mosto parcialmente fermentado,0,2003
DERIVADOS,Mosto parcialmente fermentado,0,2004
DERIVADOS,Mosto parcialmente fermentado,0,2005
DERIVADOS,Mosto parcialmente fermentado,0,2006
DERIVADOS,Mosto parcialmente fermentado,0,2007
DERIVADOS,Mosto parcialmente fermentado,0,2008
DERIVADOS,Mosto parcialmente fermentado,0,2009
DERIVADOS,Mosto parcialmente fermentado,0,2010
DERIVADOS,Mosto parcialmente fermentado,0,2011
DERIVADOS,Mosto parcialmente fermentado,0,2012
DERIVADOS,Mosto parcialmente fermentado,0,2013
DERIVADOS,Mosto parcialmente fermentado,0,2014
DERIVADOS,Mosto parcialmente fermentado,0,2015
DERIVADOS,Mosto parcialmente fermentado,0,2016
DERIVADOS,Mosto parcialmente fermentado,0,2017
DERIVADOS,Mosto parcialmente fermentado,0,2018
DERIVADOS,Mosto parcialmente fermentado,0,2019
DERIVADOS,Mosto parcialmente fermentado,0,2020
DERIVADOS,Mosto parcialmente fermentado,543510,2021
DERIVADOS,Mosto parcialmente fermentado,0,2022
DERIVADOS,Mosto parcialmente fermentado,0,2023
DERIVADOS,Mosto parcialmente fermentado,0,2024
DERIVADOS,Mosto simples,7170736,1970
DERIVADOS,Mosto simples,7646774,1971
DERIVADOS,Mosto simples,6051822,1972
DERIVADOS,Mosto simples,21779327,1973
DERIVADOS,Mosto simples,41346735,1974
DERIVADOS,Mosto simples,48185206,1975
DERIVADOS,Mosto simples,18220527,1976
DERIVADOS,Mosto simples,22097156,1977
DERIVADOS,Mosto simples,40052456,1978
DERIVADOS,Mosto simples,34318456,1979
DERIVADOS,Mosto simples,37553414,1980
DERIVADOS,Mosto simples,48762185,1981
DERIVADOS,Mosto simples,37506770,1982
DERIVADOS,Mosto simples,27314628,1983
DERIVADOS,Mosto simples,17331744,1984
DERIVADOS,Mosto simples,10637557,1985
DERIVADOS,Mosto simples,7031320,1986
DERIVADOS,Mosto simples,7821040,1987
DERIVADOS,Mosto simples,16544460,1988
DERIVADOS,Mosto simples,8141100,1989
DERIVADOS,Mosto simples,13307690,1990
DERIVADOS,Mosto simples,17407568,1991
DERIVADOS,Mosto simples,27491540,1992
DERIVADOS,Mosto simples,17218000,1993
DERIVADOS,Mosto simples,10972700,1994
DERIVADOS,Mosto simples,20917600,1995
DERIVADOS,Mosto simples,12111372,1996
DERIVADOS,Mosto simples,19066000,1997
DERIVADOS,Mosto simples,11046570,1998
DERIVADOS,Mosto simples,14359734,1999
DERIVADOS,Mosto simples,16192018,2000
DERIVADOS,Mosto simples,6977231,2001
DERIVADOS,Mosto simples,12875000,2002
DERIVADOS,Mosto simples,13172480,2003
DERIVADOS,Mosto simples,26067525,2004
DERIVADOS,Mosto simples,22429791,2005
DERIVADOS,Mosto simples,25903812,2006
DERIVADOS,Mosto simples,37558010,2007
DERIVADOS,Mosto simples,53683415,2008
DERIVADOS,Mosto simples,53418555,2009
DERIVADOS,Mosto simples,45912040,2010
DERIVADOS,Mosto simples,77285998,2011
DERIVADOS,Mosto simples,93341575,2012
DERIVADOS,Mosto simples,58517506,2013
DERIVADOS,Mosto simples,57582195,2014
DERIVADOS,Mosto simples,100911592,2015
DERIVADOS,Mosto simples,49770993,2016
DERIVADOS,Mosto simples,101010116,2017
DERIVADOS,Mosto simples,88910980,2018
DERIVADOS,Mosto simples,135614344,2019
DERIVADOS,Mosto simples,80355474,2020
DERIVADOS,Mosto simples,153579926,2021
DERIVADOS,Mosto simples,126048241,2022
DERIVADOS,Mosto simples,157848983,2023
DERIVADOS,Mosto simples,0,2024
DERIVADOS,Néctar de uva,0,1970
DERIVADOS,Néctar de uva,0,1971
DERIVADOS,Néctar de uva,0,1972
DERIVADOS,Néctar de uva,0,1973
DERIVADOS,Néctar de uva,0,1974
DERIVADOS,Néctar de uva,0,1975
DERIVADOS,Néctar de uva,0,1976
DERIVADOS,Néctar de uva,0,1977
DERIVADOS,Néctar de uva,0,1978
DERIVADOS,Néctar de uva,0,1979
DERIVADOS,Néctar de uva,0,1980
DERIVADOS,Néctar de uva,0,1981
DERIVADOS,Néctar de uva,0,1982
DERIVADOS,Néctar de uva,0,1983
DERIVADOS,Néctar de uva,0,1984
DERIVADOS,Néctar de uva,0,1985
DERIVADOS,Néctar de uva,0,1986
DERIVADOS,Néctar de uva,0,1987
DERIVADOS,Néctar de uva,0,1988
DERIVADOS,Néctar de uva,0,1989
DERIVADOS,Néctar de uva,0,1990
DERIVADOS,Néctar de uva,0,1991
DERIVADOS,Néctar de uva,0,1992
DERIVADOS,Néctar de uva,0,1993
DERIVADOS,Néctar de uva,0,1994
DERIVADOS,Néctar de uva,0,1995
DERIVADOS,Néctar de uva,0,1996
DERIVADOS,Néctar de uva,0,1997
DERIVADOS,Néctar de uva,0,1998
DERIVADOS,Néctar de uva,0,1999
DERIVADOS,Néctar de uva,0,2000
DERIVADOS,Néctar de uva,0,2001
DERIVADOS,Néctar de uva,0,2002
DERIVADOS,Néctar de uva,0,2003
DERIVADOS,Néctar de uva,0,2004
DERIVADOS,Néctar de uva,0,2005
DERIVADOS,Néctar de uva,0,2006
DERIVADOS,Néctar de uva,0,2007
DERIVADOS,Néctar de uva,0,2008
DERIVADOS,Néctar de uva,0,2009
DERIVADOS,Néctar de uva,0,2010
DERIVADOS,Néctar de uva,0,2011
DERIVADOS,Néctar de uva,0,2012
DERIVADOS,Néctar de uva,10000,2013
DERIVADOS,Néctar de uva,1140,2014
DERIVADOS,Néctar de uva,1000,2015
DERIVADOS,Néctar de uva,0,2016
DERIVADOS,Néctar de uva,3000,2017
DERIVADOS,Néctar de uva,0,2018
DERIVADOS,Néctar de uva,32519,2019
DERIVADOS,Néctar de uva,46000,2020
DERIVADOS,Néctar de uva,18187,2021
DERIVADOS,Néctar de uva,0,2022
DERIVADOS,Néctar de uva,70976,2023
DERIVADOS,Néctar de uva,0,2024
DERIVADOS,Outros derivados,0,1970
DERIVADOS,Outros derivados,0,1971
DERIVADOS,Outros derivados,0,1972
DERIVADOS,Outros derivados,0,1973
DERIVADOS,Outros derivados,0,1974
DERIVADOS,Outros derivados,0,1975
DERIVADOS,Outros derivados,0,1976
DERIVADOS,Outros derivados,0,1977
DERIVADOS,Outros derivados,0,1978
DERIVADOS,Outros derivados,0,1979
DERIVADOS,Outros derivados,0,1980
DERIVADOS,Outros derivados,0,1981
DERIVADOS,Outros derivados,0,1982
DERIVADOS,Outros derivados,0,1983
DERIVADOS,Outros derivados,0,1984
DERIVADOS,Outros derivados,0,1985
DERIVADOS,Outros derivados,0,1986
DERIVADOS,Outros derivados,0,1987
DERIVADOS,Outros derivados,0,1988
DERIVADOS,Outros derivados,0,1989
DERIVADOS,Outros derivados,0,1990
DERIVADOS,Outros derivados,0,1991
DERIVADOS,Outros derivados,0,1992
DERIVADOS,Outros derivados,0,1993
DERIVADOS,Outros derivados,0,1994
DERIVADOS,Outros derivados,0,1995
DERIVADOS,Outros derivados,0,1996
DERIVADOS,Outros derivados,0,1997
DERIVADOS,Outros derivados,0,1998
DERIVADOS,Outros derivados,0,1999
DERIVADOS,Outros derivados,0,2000
DERIVADOS,Outros derivados,0,2001
DERIVADOS,Outros derivados,0,2002
DERIVADOS,Outros derivados,0,2003
DERIVADOS,Outros derivados,0,2004
DERIVADOS,Outros derivados,0,2005
DERIVADOS,Outros derivados,0,2006
DERIVADOS,Outros derivados,0,2007
DERIVADOS,Outros derivados,0,2008
DERIVADOS,Outros derivados,0,2009
DERIVADOS,Outros derivados,0,2010
DERIVADOS,Outros derivados,0,2011
DERIVADOS,Outros derivados,0,2012
DERIVADOS,Outros derivados,0,2013
DERIVADOS,Outros derivados,0,2014
DERIVADOS,Outros derivados,0,2015
DERIVADOS,Outros derivados,0,2016
DERIVADOS,Outros derivados,0,2017
DERIVADOS,Outros derivados,0,2018
DERIVADOS,Outros derivados,0,2019
DERIVADOS,Outros derivados,0,2020
DERIVADOS,Outros derivados,322,2021
DERIVADOS,Outros derivados,247228,2022
DERIVADOS,Outros derivados,652301,2023
DERIVADOS,Outros derivados,0,2024
DERIVADOS,Pisco,0,1970
DERIVADOS,Pisco,0,1971
DERIVADOS,Pisco,0,1972
DERIVADOS,Pisco,0,1973
DERIVADOS,Pisco,0,1974
DERIVADOS,Pisco,0,1975
DERIVADOS,Pisco,0,1976
DERIVADOS,Pisco,0,1977
DERIVADOS,Pisco,0,1978
DERIVADOS,Pisco,0,1979
DERIVADOS,Pisco,0,1980
DERIVADOS,Pisco,0,1981
DERIVADOS,Pisco,0,1982
DERIVADOS,Pisco,0,1983
DERIVADOS,Pisco,0,1984
DERIVADOS,Pisco,0,1985
DERIVADOS,Pisco,0,1986
DERIVADOS,Pisco,0,1987
DERIVADOS,Pisco,0,1988
DERIVADOS,Pisco,0,1989
DERIVADOS,Pisco,0,1990
DERIVADOS,Pisco,0,1991
DERIVADOS,Pisco,0,1992
DERIVADOS,Pisco,0,1993
DERIVADOS,Pisco,0,1994
DERIVADOS,Pisco,0,1995
DERIVADOS,Pisco,0,1996
DERIVADOS,Pisco,0,1997
DERIVADOS,Pisco,0,1998
DERIVADOS,Pisco,0,1999
DERIVADOS,Pisco,0,2000
DERIVADOS,Pisco,0,2001
DERIVADOS,Pisco,0,2002
DERIVADOS,Pisco,0,2003
DERIVADOS,Pisco,0,2004
DERIVADOS,Pisco,0,2005
DERIVADOS,Pisco,0,2006
DERIVADOS,Pisco,0,2007
DERIVADOS,Pisco,0,2008
DERIVADOS,Pisco,0,2009
DERIVADOS,Pisco,0,2010
DERIVADOS,Pisco,0,2011
DERIVADOS,Pisco,0,2012
DERIVADOS,Pisco,0,2013
DERIVADOS,Pisco,0,2014
DERIVADOS,Pisco,0,2015
DERIVADOS,Pisco,0,2016
DERIVADOS,Pisco,0,2017
DERIVADOS,Pisco,0,2018
DERIVADOS,Pisco,3372,2019
DERIVADOS,Pisco,1000,2020
DERIVADOS,Pisco,0,2021
DERIVADOS,Pisco,0,2022
DERIVADOS,Pisco,0,2023
DERIVADOS,Pisco,0,2024
DERIVADOS,Polpa de uva,0,1970
DERIVADOS,Polpa de uva,0,1971
DERIVADOS,Polpa de uva,0,1972
DERIVADOS,Polpa de uva,0,1973
DERIVADOS,Polpa de uva,0,1974
DERIVADOS,Polpa de uva,0,1975
DERIVADOS,Polpa de uva,0,1976
DERIVADOS,Polpa de uva,0,1977
DERIVADOS,Polpa de uva,0,1978
DERIVADOS,Polpa de uva,0,1979
DERIVADOS,Polpa de uva,0,1980
DERIVADOS,Polpa de uva,0,1981
DERIVADOS,Polpa de uva,0,1982
DERIVADOS,Polpa de uva,0,1983
DERIVADOS,Polpa de uva,0,1984
DERIVADOS,Polpa de uva,0,1985
DERIVADOS,Polpa de uva,0,1986
DERIVADOS,Polpa de uva,0,1987
DERIVADOS,Polpa de uva,0,1988
DERIVADOS,Polpa de uva,0,1989
DERIVADOS,Polpa de uva,0,1990
DERIVADOS,Polpa de uva,0,1991
DERIVADOS,Polpa de uva,0,1992
DERIVADOS,Polpa de uva,0,1993
DERIVADOS,Polpa de uva,0,1994
DERIVADOS,Polpa de uva,0,1995
DERIVADOS,Polpa de uva,0,1996
DERIVADOS,Polpa de uva,0,1997
DERIVADOS,Polpa de uva,0,1998
DERIVADOS,Polpa de uva,0,1999
DERIVADOS,Polpa de uva,0,2000
DERIVADOS,Polpa de uva,0,2001
DERIVADOS,Polpa de uva,0,2002
DERIVADOS,Polpa de uva,0,2003
DERIVADOS,Polpa de uva,890562,2004
DERIVADOS,Polpa de uva,1350672,2005
DERIVADOS,Polpa de uva,1006000,2006
DERIVADOS,Polpa de uva,1083202,2007
DERIVADOS,Polpa de uva,1188260,2008
DERIVADOS,Polpa de uva,1352417,2009
DERIVADOS,Polpa de uva,1951606,2010
DERIVADOS,Polpa de uva,2480120,2011
DERIVADOS,Polpa de uva,2797665,2012
DERIVADOS,Polpa de uva,1742152,2013
DERIVADOS,Polpa de uva,2484000,2014
DERIVADOS,Polpa de uva,2371140,2015
DERIVADOS,Polpa de uva,1620430,2016
DERIVADOS,Polpa de uva,2507125,2017
DERIVADOS,Polpa de uva,2112683,2018
DERIVADOS,Polpa de uva,1480269,2019
DERIVADOS,Polpa de uva,1803472,2020
DERIVADOS,Polpa de uva,1180578,2021
DERIVADOS,Polpa de uva,387886,2022
DERIVADOS,Polpa de uva,1388251,2023
DERIVADOS,Polpa de uva,0,2024
DERIVADOS,Vinagre,0,1970
DERIVADOS,Vinagre,21500,1971
DERIVADOS,Vinagre,8200,1972
DERIVADOS,Vinagre,0,1973
DERIVADOS,Vinagre,35300,1974
DERIVADOS,Vinagre,0,1975
DERIVADOS,Vinagre,288000,1976
DERIVADOS,Vinagre,0,1977
DERIVADOS,Vinagre,0,1978
DERIVADOS,Vinagre,0,1979
DERIVADOS,Vinagre,0,1980
DERIVADOS,Vinagre,0,1981
DERIVADOS,Vinagre,0,1982
DERIVADOS,Vinagre,0,1983
DERIVADOS,Vinagre,0,1984
DERIVADOS,Vinagre,104707,1985
DERIVADOS,Vinagre,0,1986
DERIVADOS,Vinagre,0,1987
DERIVADOS,Vinagre,0,1988
DERIVADOS,Vinagre,0,1989
DERIVADOS,Vinagre,0,1990
DERIVADOS,Vinagre,0,1991
DERIVADOS,Vinagre,45000,1992
DERIVADOS,Vinagre,0,1993
DERIVADOS,Vinagre,0,1994
DERIVADOS,Vinagre,0,1995
DERIVADOS,Vinagre,0,1996
DERIVADOS,Vinagre,0,1997
DERIVADOS,Vinagre,0,1998
DERIVADOS,Vinagre,0,1999
DERIVADOS,Vinagre,0,2000
DERIVADOS,Vinagre,0,2001
DERIVADOS,Vinagre,0,2002
DERIVADOS,Vinagre,0,2003
DERIVADOS,Vinagre,0,2004
DERIVADOS,Vinagre,0,2005
DERIVADOS,Vinagre,0,2006
DERIVADOS,Vinagre,0,2007
DERIVADOS,Vinagre,0,2008
DERIVADOS,Vinagre,0,2009
DERIVADOS,Vinagre,5817,2010
DERIVADOS,Vinagre,0,2011
DERIVADOS,Vinagre,0,2012
DERIVADOS,Vinagre,0,2013
DERIVADOS,Vinagre,53776,2014
DERIVADOS,Vinagre,25800,2015
DERIVADOS,Vinagre,5000,2016
DERIVADOS,Vinagre,25319,2017
DERIVADOS,Vinagre,25367,2018
DERIVADOS,Vinagre,76096,2019
DERIVADOS,Vinagre,10000,2020
DERIVADOS,Vinagre,7500,2021
DERIVADOS,Vinagre,16200,2022
DERIVADOS,Vinagre,9000,2023
DERIVADOS,Vinagre,0,2024
DERIVADOS,Vinho Composto,0,1970
DERIVADOS,Vinho Composto,0,1971
DERIVADOS,Vinho Composto,0,1972
DERIVADOS,Vinho Composto,0,1973
DERIVADOS,Vinho Composto,0,1974
DERIVADOS,Vinho Composto,0,1975
DERIVADOS,Vinho Composto,0,1976
DERIVADOS,Vinho Composto,0,1977
DERIVADOS,Vinho Composto,0,1978
DERIVADOS,Vinho Composto,0,1979
DERIVADOS,Vinho Composto,0,1980
DERIVADOS,Vinho Composto,0,1981
DERIVADOS,Vinho Composto,0,1982
DERIVADOS,Vinho Composto,0,1983
DERIVADOS,Vinho Composto,0,1984
DERIVADOS,Vinho Composto,0,1985
DERIVADOS,Vinho Composto,0,1986
DERIVADOS,Vinho Composto,0,1987
DERIVADOS,Vinho Composto,0,1988
DERIVADOS,Vinho Composto,0,1989
DERIVADOS,Vinho Composto,0,1990
DERIVADOS,Vinho Composto,0,1991
DERIVADOS,Vinho Composto,0,1992
DERIVADOS,Vinho Composto,0,1993
DERIVADOS,Vinho Composto,0,1994
DERIVADOS,Vinho Composto,0,1995
DERIVADOS,Vinho Composto,0,1996
DERIVADOS,Vinho Composto,0,1997
DERIVADOS,Vinho Composto,0,1998
DERIVADOS,Vinho Composto,0,1999
DERIVADOS,Vinho Composto,0,2000
DERIVADOS,Vinho Composto,0,2001
DERIVADOS,Vinho Composto,0,2002
DERIVADOS,Vinho Composto,0,2003
DERIVADOS,Vinho Composto,0,2004
DERIVADOS,Vinho Composto,0,2005
DERIVADOS,Vinho Composto,0,2006
DERIVADOS,Vinho Composto,0,2007
DERIVADOS,Vinho Composto,0,2008
DERIVADOS,Vinho Composto,0,2009
DERIVADOS,Vinho Composto,0,2010
DERIVADOS,Vinho Composto,0,2011
DERIVADOS,Vinho Composto,0,2012
DERIVADOS,Vinho Composto,0,2013
DERIVADOS,Vinho Composto,3000,2014
DERIVADOS,Vinho Composto,0,2015
DERIVADOS,Vinho Composto,0,2016
DERIVADOS,Vinho Composto,0,2017
DERIVADOS,Vinho Composto,0,2018
DERIVADOS,Vinho Composto,0,2019
DERIVADOS,Vinho Composto,0,2020
DERIVADOS,Vinho Composto,160000,2021
DERIVADOS,Vinho Composto,0,2022
DERIVADOS,Vinho Composto,0,2023
DERIVADOS,Vinho Composto,0,2024
DERIVADOS,Vinho acidificado,0,1970
DERIVADOS,Vinho acidificado,0,1971
DERIVADOS,Vinho acidificado,0,1972
DERIVADOS,Vinho acidificado,0,1973
DERIVADOS,Vinho acidificado,0,1974
DERIVADOS,Vinho acidificado,0,1975
DERIVADOS,Vinho acidificado,0,1976
DERIVADOS,Vinho acidificado,0,1977
DERIVADOS,Vinho acidificado,0,1978
DERIVADOS,Vinho acidificado,0,1979
DERIVADOS,Vinho acidificado,0,1980
DERIVADOS,Vinho acidificado,0,1981
DERIVADOS,Vinho acidificado,0,1982
DERIVADOS,Vinho acidificado,0,1983
DERIVADOS,Vinho acidificado,0,1984
DERIVADOS,Vinho acidificado,0,1985
DERIVADOS,Vinho acidificado,0,1986
DERIVADOS,Vinho acidificado,0,1987
DERIVADOS,Vinho acidificado,0,1988
DERIVADOS,Vinho acidificado,0,1989
DERIVADOS,Vinho acidificado,0,1990
DERIVADOS,Vinho acidificado,0,1991
DERIVADOS,Vinho acidificado,0,1992
DERIVADOS,Vinho acidificado,0,1993
DERIVADOS,Vinho acidificado,0,1994
DERIVADOS,Vinho acidificado,0,1995
DERIVADOS,Vinho acidificado,0,1996
DERIVADOS,Vinho acidificado,0,1997
DERIVADOS,Vinho acidificado,0,1998
DERIVADOS,Vinho acidificado,0,1999
DERIVADOS,Vinho acidificado,0,2000
DERIVADOS,Vinho acidificado,0,2001
DERIVADOS,Vinho acidificado,0,2002
DERIVADOS,Vinho acidificado,0,2003
DERIVADOS,Vinho acidificado,0,2004
DERIVADOS,Vinho acidificado,0,2005
DERIVADOS,Vinho acidificado,0,2006
DERIVADOS,Vinho acidificado,0,2007
DERIVADOS,Vinho acidificado,0,2008
DERIVADOS,Vinho acidificado,0,2009
DERIVADOS,Vinho acidificado,0,2010
DERIVADOS,Vinho acidificado,0,2011
DERIVADOS,Vinho acidificado,0,2012
DERIVADOS,Vinho acidificado,0,2013
DERIVADOS,Vinho acidificado,0,2014
DERIVADOS,Vinho acidificado,0,2015
DERIVADOS,Vinho acidificado,0,2016
DERIVADOS,Vinho acidificado,0,2017
DERIVADOS,Vinho acidificado,0,2018
DERIVADOS,Vinho acidificado,0,2019
DERIVADOS,Vinho acidificado,65000,2020
DERIVADOS,Vinho acidificado,0,2021
DERIVADOS,Vinho acidificado,0,2022
DERIVADOS,Vinho acidificado,2500,2023
DERIVADOS,Vinho acidificado,0,2024
DERIVADOS,Vinho leve,0,1970
DERIVADOS,Vinho leve,0,1971
DERIVADOS,Vinho leve,0,1972
DERIVADOS,Vinho leve,0,1973
DERIVADOS,Vinho leve,0,1974
DERIVADOS,Vinho leve,0,1975
DERIVADOS,Vinho leve,0,1976
DERIVADOS,Vinho leve,0,1977
DERIVADOS,Vinho leve,0,1978
DERIVADOS,Vinho leve,0,1979
DERIVADOS,Vinho leve,0,1980
DERIVADOS,Vinho leve,0,1981
DERIVADOS,Vinho leve,0,1982
DERIVADOS,Vinho leve,0,1983
DERIVADOS,Vinho leve,0,1984
DERIVADOS,Vinho leve,0,1985
DERIVADOS,Vinho leve,0,1986
DERIVADOS,Vinho leve,0,1987
DERIVADOS,Vinho leve,0,1988
DERIVADOS,Vinho leve,249000,1989
DERIVADOS,Vinho leve,264000,1990
DERIVADOS,Vinho leve,192800,1991
DERIVADOS,Vinho leve,144500,1992
DERIVADOS,Vinho leve,0,1993
DERIVADOS,Vinho leve,0,1994
DERIVADOS,Vinho leve,0,1995
DERIVADOS,Vinho leve,0,1996
DERIVADOS,Vinho leve,0,1997
DERIVADOS,Vinho leve,0,1998
DERIVADOS,Vinho leve,0,1999
DERIVADOS,Vinho leve,0,2000
DERIVADOS,Vinho leve,0,2001
DERIVADOS,Vinho leve,0,2002
DERIVADOS,Vinho leve,11000,2003
DERIVADOS,Vinho leve,6000,2004
DERIVADOS,Vinho leve,16500,2005
DERIVADOS,Vinho leve,0,2006
DERIVADOS,Vinho leve,0,2007
DERIVADOS,Vinho leve,0,2008
DERIVADOS,Vinho leve,0,2009
DERIVADOS,Vinho leve,0,2010
DERIVADOS,Vinho leve,0,2011
DERIVADOS,Vinho leve,0,2012
DERIVADOS,Vinho leve,0,2013
DERIVADOS,Vinho leve,0,2014
DERIVADOS,Vinho leve,0,2015
DERIVADOS,Vinho leve,0,2016
DERIVADOS,Vinho leve,0,2017
DERIVADOS,Vinho leve,8000,2018
DERIVADOS,Vinho leve,0,2019
DERIVADOS,Vinho leve,0,2020
DERIVADOS,Vinho leve,0,2021
DERIVADOS,Vinho leve,0,2022
DERIVADOS,Vinho leve,0,2023
DERIVADOS,Vinho leve,0,2024
DERIVADOS,Vinho licoroso,0,1970
DERIVADOS,Vinho licoroso,0,1971
DERIVADOS,Vinho licoroso,0,1972
DERIVADOS,Vinho licoroso,0,1973
DERIVADOS,Vinho licoroso,0,1974
DERIVADOS,Vinho licoroso,0,1975
DERIVADOS,Vinho licoroso,0,1976
DERIVADOS,Vinho licoroso,0,1977
DERIVADOS,Vinho licoroso,0,1978
DERIVADOS,Vinho licoroso,0,1979
DERIVADOS,Vinho licoroso,0,1980
DERIVADOS,Vinho licoroso,0,1981
DERIVADOS,Vinho licoroso,0,1982
DERIVADOS,Vinho licoroso,0,1983
DERIVADOS,Vinho licoroso,0,1984
DERIVADOS,Vinho licoroso,0,1985
DERIVADOS,Vinho licoroso,0,1986
DERIVADOS,Vinho licoroso,0,1987
DERIVADOS,Vinho licoroso,0,1988
DERIVADOS,Vinho licoroso,0,1989
DERIVADOS,Vinho licoroso,0,1990
DERIVADOS,Vinho licoroso,0,1991
DERIVADOS,Vinho licoroso,0,1992
DERIVADOS,Vinho licoroso,0,1993
DERIVADOS,Vinho licoroso,0,1994
DERIVADOS,Vinho licoroso,0,1995
DERIVADOS,Vinho licoroso,0,1996
DERIVADOS,Vinho licoroso,0,1997
DERIVADOS,Vinho licoroso,0,1998
DERIVADOS,Vinho licoroso,0,1999
DERIVADOS,Vinho licoroso,0,2000
DERIVADOS,Vinho licoroso,0,2001
DERIVADOS,Vinho licoroso,0,2002
DERIVADOS,Vinho licoroso,0,2003
DERIVADOS,Vinho licoroso,77800,2004
DERIVADOS,Vinho licoroso,125700,2005
DERIVADOS,Vinho licoroso,28500,2006
DERIVADOS,Vinho licoroso,27926,2007
DERIVADOS,Vinho licoroso,65650,2008
DERIVADOS,Vinho licoroso,0,2009
DERIVADOS,Vinho licoroso,15000,2010
DERIVADOS,Vinho licoroso,0,2011
DERIVADOS,Vinho licoroso,0,2012
DERIVADOS,Vinho licoroso,100,2013
DERIVADOS,Vinho licoroso,36000,2014
DERIVADOS,Vinho licoroso,56000,2015
DERIVADOS,Vinho licoroso,24200,2016
DERIVADOS,Vinho licoroso,110820,2017
DERIVADOS,Vinho licoroso,124303,2018
DERIVADOS,Vinho licoroso,99485,2019
DERIVADOS,Vinho licoroso,48678,2020
DERIVADOS,Vinho licoroso,30000,2021
DERIVADOS,Vinho licoroso,67000,2022
DERIVADOS,Vinho licoroso,73600,2023
DERIVADOS,Vinho licoroso,0,2024
DERIVADOS,Vinho orgânico,0,1970
DERIVADOS,Vinho orgânico,0,1971
DERIVADOS,Vinho orgânico,0,1972
DERIVADOS,Vinho orgânico,0,1973
DERIVADOS,Vinho orgânico,0,1974
DERIVADOS,Vinho orgânico,0,1975
DERIVADOS,Vinho orgânico,0,1976
DERIVADOS,Vinho orgânico,0,1977
DERIVADOS,Vinho orgânico,0,1978
DERIVADOS,Vinho orgânico,0,1979
DERIVADOS,Vinho orgânico,0,1980
DERIVADOS,Vinho orgânico,0,1981
DERIVADOS,Vinho orgânico,0,1982
DERIVADOS,Vinho orgânico,0,1983
DERIVADOS,Vinho orgânico,0,1984
DERIVADOS,Vinho orgânico,254000,1985
DERIVADOS,Vinho orgânico,171147,1986
DERIVADOS,Vinho orgânico,219100,1987
DERIVADOS,Vinho orgânico,15000,1988
DERIVADOS,Vinho orgânico,85000,1989
DERIVADOS,Vinho orgânico,0,1990
DERIVADOS,Vinho orgânico,137000,1991
DERIVADOS,Vinho orgânico,0,1992
DERIVADOS,Vinho orgânico,0,1993
DERIVADOS,Vinho orgânico,4745442,1994
DERIVADOS,Vinho orgânico,2454500,1995
DERIVADOS,Vinho orgânico,351426,1996
DERIVADOS,Vinho orgânico,4997317,1997
DERIVADOS,Vinho orgânico,3265781,1998
DERIVADOS,Vinho orgânico,8592228,1999
DERIVADOS,Vinho orgânico,0,2000
DERIVADOS,Vinho orgânico,0,2001
DERIVADOS,Vinho orgânico,6705487,2002
DERIVADOS,Vinho orgânico,7584380,2003
DERIVADOS,Vinho orgânico,0,2004
DERIVADOS,Vinho orgânico,0,2005
DERIVADOS,Vinho orgânico,22933,2006
DERIVADOS,Vinho orgânico,307410,2007
DERIVADOS,Vinho orgânico,15000,2008
DERIVADOS,Vinho orgânico,0,2009
DERIVADOS,Vinho orgânico,0,2010
DERIVADOS,Vinho orgânico,5600,2011
DERIVADOS,Vinho orgânico,0,2012
DERIVADOS,Vinho orgânico,0,2013
DERIVADOS,Vinho orgânico,0,2014
DERIVADOS,Vinho orgânico,0,2015
DERIVADOS,Vinho orgânico,0,2016
DERIVADOS,Vinho orgânico,0,2017
DERIVADOS,Vinho orgânico,0,2018
DERIVADOS,Vinho orgânico,0,2019
DERIVADOS,Vinho orgânico,18700,2020
DERIVADOS,Vinho orgânico,93884,2021
DERIVADOS,Vinho orgânico,88890,2022
DERIVADOS,Vinho orgânico,94150,2023
DERIVADOS,Vinho orgânico,0,2024
SUCO,Suco de uva adoçado,0,1970
SUCO,Suco de uva adoçado,0,1971
SUCO,Suco de uva adoçado,0,1972
SUCO,Suco de uva adoçado,0,1973
SUCO,Suco de uva adoçado,0,1974
SUCO,Suco de uva adoçado,0,1975
SUCO,Suco de uva adoçado,0,1976
SUCO,Suco de uva adoçado,0,1977
SUCO,Suco de uva adoçado,0,1978
SUCO,Suco de uva adoçado,0,1979
SUCO,Suco de uva adoçado,0,1980
SUCO,Suco de uva adoçado,0,1981
SUCO,Suco de uva adoçado,0,1982
SUCO,Suco de uva adoçado,0,1983
SUCO,Suco de uva adoçado,0,1984
SUCO,Suco de uva adoçado,0,1985
SUCO,Suco de uva adoçado,0,1986
SUCO,Suco de uva adoçado,0,1987
SUCO,Suco de uva adoçado,0,1988
SUCO,Suco de uva adoçado,0,1989
SUCO,Suco de uva adoçado,0,1990
SUCO,Suco de uva adoçado,0,1991
SUCO,Suco de uva adoçado,0,1992
SUCO,Suco de uva adoçado,0,1993
SUCO,Suco de uva adoçado,0,1994
SUCO,Suco de uva adoçado,0,1995
SUCO,Suco de uva adoçado,0,1996
SUCO,Suco de uva adoçado,0,1997
SUCO,Suco de uva adoçado,0,1998
SUCO,Suco de uva adoçado,0,1999
SUCO,Suco de uva adoçado,0,2000
SUCO,Suco de uva adoçado,0,2001
SUCO,Suco de uva adoçado,0,2002
SUCO,Suco de uva adoçado,0,2003
SUCO,Suco de uva adoçado,0,2004
SUCO,Suco de uva adoçado,1344177,2005
SUCO,Suco de uva adoçado,0,2006
SUCO,Suco de uva adoçado,709098,2007
SUCO,Suco de uva adoçado,815407,2008
SUCO,Suco de uva adoçado,674638,2009
SUCO,Suco de uva adoçado,0,2010
SUCO,Suco de uva adoçado,312200,2011
SUCO,Suco de uva adoçado,533048,2012
SUCO,Suco de uva adoçado,0,2013
SUCO,Suco de uva adoçado,0,2014
SUCO,Suco de uva adoçado,0,2015
SUCO,Suco de uva adoçado,0,2016
SUCO,Suco de uva adoçado,177774,2017
SUCO,Suco de uva adoçado,0,2018
SUCO,Suco de uva adoçado,120320,2019
SUCO,Suco de uva adoçado,107289,2020
SUCO,Suco de uva adoçado,40450,2021
SUCO,Suco de uva adoçado,79130,2022
SUCO,Suco de uva adoçado,94587,2023
SUCO,Suco de uva adoçado,0,2024
SUCO,Suco de uva concentrado,0,1970
SUCO,Suco de uva concentrado,0,1971
SUCO,Suco de uva concentrado,0,1972
SUCO,Suco de uva concentrado,0,1973
SUCO,Suco de uva concentrado,0,1974
SUCO,Suco de uva concentrado,0,1975
SUCO,Suco de uva concentrado,0,1976
SUCO,Suco de uva concentrado,0,1977
SUCO,Suco de uva concentrado,0,1978
SUCO,Suco de uva concentrado,0,1979
SUCO,Suco de uva concentrado,0,1980
SUCO,Suco de uva concentrado,0,1981
SUCO,Suco de uva concentrado,0,1982
SUCO,Suco de uva concentrado,0,1983
SUCO,Suco de uva concentrado,0,1984
SUCO,Suco de uva concentrado,3086961,1985
SUCO,Suco de uva concentrado,2197261,1986
SUCO,Suco de uva concentrado,3206776,1987
SUCO,Suco de uva concentrado,5568870,1988
SUCO,Suco de uva concentrado,4098583,1989
SUCO,Suco de uva concentrado,7574692,1990
SUCO,Suco de uva concentrado,7715462,1991
SUCO,Suco de uva concentrado,6763926,1992
SUCO,Suco de uva concentrado,8230953,1993
SUCO,Suco de uva concentrado,9459721,1994
SUCO,Suco de uva concentrado,8770183,1995
SUCO,Suco de uva concentrado,6782000,1996
SUCO,Suco de uva concentrado,10524045,1997
SUCO,Suco de uva concentrado,10000000,1998
SUCO,Suco de uva concentrado,11400000,1999
SUCO,Suco de uva concentrado,14176000,2000
SUCO,Suco de uva concentrado,12790752,2001
SUCO,Suco de uva concentrado,14722802,2002
SUCO,Suco de uva concentrado,11048364,2003
SUCO,Suco de uva concentrado,17855732,2004
SUCO,Suco de uva concentrado,19513244,2005
SUCO,Suco de uva concentrado,17414605,2006
SUCO,Suco de uva concentrado,19280709,2007
SUCO,Suco de uva concentrado,23014646,2008
SUCO,Suco de uva concentrado,23006457,2009
SUCO,Suco de uva concentrado,23238685,2010
SUCO,Suco de uva concentrado,29564324,2011
SUCO,Suco de uva concentrado,37624855,2012
SUCO,Suco de uva concentrado,31206394,2013
SUCO,Suco de uva concentrado,33392314,2014
SUCO,Suco de uva concentrado,35661313,2015
SUCO,Suco de uva concentrado,11092520,2016
SUCO,Suco de uva concentrado,30059271,2017
SUCO,Suco de uva concentrado,31099910,2018
SUCO,Suco de uva concentrado,26861009,2019
SUCO,Suco de uva concentrado,27963865,2020
SUCO,Suco de uva concentrado,32131218,2021
SUCO,Suco de uva concentrado,29892550,2022
SUCO,Suco de uva concentrado,28216760,2023
SUCO,Suco de uva concentrado,0,2024
SUCO,Suco de uva integral,1097771,1970
SUCO,Suco de uva integral,2296654,1971
SUCO,Suco de uva integral,3509440,1972
SUCO,Suco de uva integral,0,1973
SUCO,Suco de uva integral,0,1974
SUCO,Suco de uva integral,0,1975
SUCO,Suco de uva integral,0,1976
SUCO,Suco de uva integral,0,1977
SUCO,Suco de uva integral,0,1978
SUCO,Suco de uva integral,0,1979
SUCO,Suco de uva integral,0,1980
SUCO,Suco de uva integral,0,1981
SUCO,Suco de uva integral,0,1982
SUCO,Suco de uva integral,0,1983
SUCO,Suco de uva integral,0,1984
SUCO,Suco de uva integral,3544706,1985
SUCO,Suco de uva integral,2116507,1986
SUCO,Suco de uva integral,2262240,1987
SUCO,Suco de uva integral,2018000,1988
SUCO,Suco de uva integral,2824600,1989
SUCO,Suco de uva integral,2848560,1990
SUCO,Suco de uva integral,3609000,1991
SUCO,Suco de uva integral,4033698,1992
SUCO,Suco de uva integral,3800800,1993
SUCO,Suco de uva integral,3884000,1994
SUCO,Suco de uva integral,4123776,1995
SUCO,Suco de uva integral,2407900,1996
SUCO,Suco de uva integral,2884969,1997
SUCO,Suco de uva integral,3904186,1998
SUCO,Suco de uva integral,4132303,1999
SUCO,Suco de uva integral,3546779,2000
SUCO,Suco de uva integral,5196430,2001
SUCO,Suco de uva integral,5505889,2002
SUCO,Suco de uva integral,1372381,2003
SUCO,Suco de uva integral,6222380,2004
SUCO,Suco de uva integral,7103175,2005
SUCO,Suco de uva integral,13946491,2006
SUCO,Suco de uva integral,10147037,2007
SUCO,Suco de uva integral,11817941,2008
SUCO,Suco de uva integral,16034003,2009
SUCO,Suco de uva integral,26887259,2010
SUCO,Suco de uva integral,39487800,2011
SUCO,Suco de uva integral,31908829,2012
SUCO,Suco de uva integral,33673396,2013
SUCO,Suco de uva integral,43331223,2014
SUCO,Suco de uva integral,52233155,2015
SUCO,Suco de uva integral,31117869,2016
SUCO,Suco de uva integral,46865626,2017
SUCO,Suco de uva integral,34367996,2018
SUCO,Suco de uva integral,50239767,2019
SUCO,Suco de uva integral,40718523,2020
SUCO,Suco de uva integral,68038479,2021
SUCO,Suco de uva integral,35248305,2022
SUCO,Suco de uva integral,38122173,2023
SUCO,Suco de uva integral,0,2024
SUCO,Suco de uva orgânico,0,1970
SUCO,Suco de uva orgânico,0,1971
SUCO,Suco de uva orgânico,0,1972
SUCO,Suco de uva orgânico,0,1973
SUCO,Suco de uva orgânico,0,1974
SUCO,Suco de uva orgânico,0,1975
SUCO,Suco de uva orgânico,0,1976
SUCO,Suco de uva orgânico,0,1977
SUCO,Suco de uva orgânico,0,1978
SUCO,Suco de uva orgânico,0,1979
SUCO,Suco de uva orgânico,0,1980
SUCO,Suco de uva orgânico,0,1981
SUCO,Suco de uva orgânico,0,1982
SUCO,Suco de uva orgânico,0,1983
SUCO,Suco de uva orgânico,0,1984
SUCO,Suco de uva orgânico,0,1985
SUCO,Suco de uva orgânico,0,1986
SUCO,Suco de uva orgânico,0,1987
SUCO,Suco de uva orgânico,0,1988
SUCO,Suco de uva orgânico,0,1989
SUCO,Suco de uva orgânico,0,1990
SUCO,Suco de uva orgânico,0,1991
SUCO,Suco de uva orgânico,0,1992
SUCO,Suco de uva orgânico,0,1993
SUCO,Suco de uva orgânico,0,1994
SUCO,Suco de uva orgânico,0,1995
SUCO,Suco de uva orgânico,0,1996
SUCO,Suco de uva orgânico,0,1997
SUCO,Suco de uva orgânico,0,1998
SUCO,Suco de uva orgânico,0,1999
SUCO,Suco de uva orgânico,0,2000
SUCO,Suco de uva orgânico,0,2001
SUCO,Suco de uva orgânico,0,2002
SUCO,Suco de uva orgânico,0,2003
SUCO,Suco de uva orgânico,0,2004
SUCO,Suco de uva orgânico,0,2005
SUCO,Suco de uva orgânico,0,2006
SUCO,Suco de uva orgânico,0,2007
SUCO,Suco de uva orgânico,0,2008
SUCO,Suco de uva orgânico,0,2009
SUCO,Suco de uva orgânico,0,2010
SUCO,Suco de uva orgânico,0,2011
SUCO,Suco de uva orgânico,0,2012
SUCO,Suco de uva orgânico,0,2013
SUCO,Suco de uva orgânico,0,2014
SUCO,Suco de uva orgânico,0,2015
SUCO,Suco de uva orgânico,0,2016
SUCO,Suco de uva orgânico,0,2017
SUCO,Suco de uva orgânico,0,2018
SUCO,Suco de uva orgânico,0,2019
SUCO,Suco de uva orgânico,471610,2020
SUCO,Suco de uva orgânico,722117,2021
SUCO,Suco de uva orgânico,589094,2022
SUCO,Suco de uva orgânico,611718,2023
SUCO,Suco de uva orgânico,0,2024
SUCO,Suco de uva reconstituído,0,1970
SUCO,Suco de uva reconstituído,0,1971
SUCO,Suco de uva reconstituído,0,1972
SUCO,Suco de uva reconstituído,0,1973
SUCO,Suco de uva reconstituído,0,1974
SUCO,Suco de uva reconstituído,0,1975
SUCO,Suco de uva reconstituído,0,1976
SUCO,Suco de uva reconstituído,0,1977
SUCO,Suco de uva reconstituído,0,1978
SUCO,Suco de uva reconstituído,0,1979
SUCO,Suco de uva reconstituído,0,1980
SUCO,Suco de uva reconstituído,0,1981
SUCO,Suco de uva reconstituído,0,1982
SUCO,Suco de uva reconstituído,0,1983
SUCO,Suco de uva reconstituído,0,1984
SUCO,Suco de uva reconstituído,0,1985
SUCO,Suco de uva reconstituído,0,1986
SUCO,Suco de uva reconstituído,0,1987
SUCO,Suco de uva reconstituído,0,1988
SUCO,Suco de uva reconstituído,0,1989
SUCO,Suco de uva reconstituído,0,1990
SUCO,Suco de uva reconstituído,0,1991
SUCO,Suco de uva reconstituído,0,1992
SUCO,Suco de uva reconstituído,0,1993
SUCO,Suco de uva reconstituído,0,1994
SUCO,Suco de uva reconstituído,0,1995
SUCO,Suco de uva reconstituído,0,1996
SUCO,Suco de uva reconstituído,0,1997
SUCO,Suco de uva reconstituído,0,1998
SUCO,Suco de uva reconstituído,0,1999
SUCO,Suco de uva reconstituído,0,2000
SUCO,Suco de uva reconstituído,0,2001
SUCO,Suco de uva reconstituído,0,2002
SUCO,Suco de uva reconstituído,0,2003
SUCO,Suco de uva reconstituído,0,2004
SUCO,Suco de uva reconstituído,0,2005
SUCO,Suco de uva reconstituído,0,2006
SUCO,Suco de uva reconstituído,0,2007
SUCO,Suco de uva reconstituído,0,2008
SUCO,Suco de uva reconstituído,0,2009
SUCO,Suco de uva reconstituído,0,2010
SUCO,Suco de uva reconstituído,0,2011
SUCO,Suco de uva reconstituído,0,2012
SUCO,Suco de uva reconstituído,0,2013
SUCO,Suco de uva reconstituído,0,2014
SUCO,Suco de uva reconstituído,0,2015
SUCO,Suco de uva reconstituído,0,2016
SUCO,Suco de uva reconstituído,59300,2017
SUCO,Suco de uva reconstituído,0,2018
SUCO,Suco de uva reconstituído,584256,2019
SUCO,Suco de uva reconstituído,0,2020
SUCO,Suco de uva reconstituído,0,2021
SUCO,Suco de uva reconstituído,0,2022
SUCO,Suco de uva reconstituído,0,2023
SUCO,Suco de uva reconstituído,0,2024
VINHO DE MESA,Branco,748400,1970
VINHO DE MESA,Branco,1160500,1971
VINHO DE MESA,Branco,1812367,1972
VINHO DE MESA,Branco,243900,1973
VINHO DE MESA,Branco,4138768,1974
VINHO DE MESA,Branco,1441507,1975
VINHO DE MESA,Branco,1871473,1976
VINHO DE MESA,Branco,4954387,1977
VINHO DE MESA,Branco,5079748,1978
VINHO DE MESA,Branco,7146395,1979
VINHO DE MESA,Branco,5363452,1980
VINHO DE MESA,Branco,12547739,1981
VINHO DE MESA,Branco,15782499,1982
VINHO DE MESA,Branco,12191896,1983
VINHO DE MESA,Branco,19502230,1984
VINHO DE MESA,Branco,23010666,1985
VINHO DE MESA,Branco,16872183,1986
VINHO DE MESA,Branco,27497857,1987
VINHO DE MESA,Branco,32660045,1988
VINHO DE MESA,Branco,24603265,1989
VINHO DE MESA,Branco,33512030,1990
VINHO DE MESA,Branco,25046588,1991
VINHO DE MESA,Branco,25446255,1992
VINHO DE MESA,Branco,31986075,1993
VINHO DE MESA,Branco,28291853,1994
VINHO DE MESA,Branco,15472732,1995
VINHO DE MESA,Branco,24073622,1996
VINHO DE MESA,Branco,41842945,1997
VINHO DE MESA,Branco,32140249,1998
VINHO DE MESA,Branco,42528150,1999
VINHO DE MESA,Branco,44902276,2000
VINHO DE MESA,Branco,44322836,2001
VINHO DE MESA,Branco,35329657,2002
VINHO DE MESA,Branco,40861639,2003
VINHO DE MESA,Branco,51719967,2004
VINHO DE MESA,Branco,39212146,2005
VINHO DE MESA,Branco,31738390,2006
VINHO DE MESA,Branco,42118552,2007
VINHO DE MESA,Branco,42942053,2008
VINHO DE MESA,Branco,39211278,2009
VINHO DE MESA,Branco,35408083,2010
VINHO DE MESA,Branco,46007504,2011
VINHO DE MESA,Branco,34938249,2012
VINHO DE MESA,Branco,32066403,2013
VINHO DE MESA,Branco,37438069,2014
VINHO DE MESA,Branco,39557250,2015
VINHO DE MESA,Branco,10727099,2016
VINHO DE MESA,Branco,217527985,2017
VINHO DE MESA,Branco,29229970,2018
VINHO DE MESA,Branco,22032828,2019
VINHO DE MESA,Branco,19568734,2020
VINHO DE MESA,Branco,26432799,2021
VINHO DE MESA,Branco,30198430,2022
VINHO DE MESA,Branco,27910299,2023
VINHO DE MESA,Branco,0,2024
VINHO DE MESA,Rosado,42236152,1970
VINHO DE MESA,Rosado,31970782,1971
VINHO DE MESA,Rosado,26960004,1972
VINHO DE MESA,Rosado,27877426,1973
VINHO DE MESA,Rosado,43192093,1974
VINHO DE MESA,Rosado,31685568,1975
VINHO DE MESA,Rosado,24333795,1976
VINHO DE MESA,Rosado,35603565,1977
VINHO DE MESA,Rosado,32056558,1978
VINHO DE MESA,Rosado,49370148,1979
VINHO DE MESA,Rosado,23284978,1980
VINHO DE MESA,Rosado,39425814,1981
VINHO DE MESA,Rosado,35622605,1982
VINHO DE MESA,Rosado,20989120,1983
VINHO DE MESA,Rosado,38563073,1984
VINHO DE MESA,Rosado,35595899,1985
VINHO DE MESA,Rosado,22072645,1986
VINHO DE MESA,Rosado,25128167,1987
VINHO DE MESA,Rosado,38383071,1988
VINHO DE MESA,Rosado,20267523,1989
VINHO DE MESA,Rosado,22676272,1990
VINHO DE MESA,Rosado,11400830,1991
VINHO DE MESA,Rosado,19163270,1992
VINHO DE MESA,Rosado,14596702,1993
VINHO DE MESA,Rosado,12301693,1994
VINHO DE MESA,Rosado,32141555,1995
VINHO DE MESA,Rosado,12947240,1996
VINHO DE MESA,Rosado,24514261,1997
VINHO DE MESA,Rosado,16546829,1998
VINHO DE MESA,Rosado,15843212,1999
VINHO DE MESA,Rosado,19880630,2000
VINHO DE MESA,Rosado,9342185,2001
VINHO DE MESA,Rosado,8367750,2002
VINHO DE MESA,Rosado,6170398,2003
VINHO DE MESA,Rosado,8069892,2004
VINHO DE MESA,Rosado,6169620,2005
VINHO DE MESA,Rosado,3809942,2006
VINHO DE MESA,Rosado,5013136,2007
VINHO DE MESA,Rosado,3506830,2008
VINHO DE MESA,Rosado,2063474,2009
VINHO DE MESA,Rosado,2569809,2010
VINHO DE MESA,Rosado,1719887,2011
VINHO DE MESA,Rosado,1963356,2012
VINHO DE MESA,Rosado,1726022,2013
VINHO DE MESA,Rosado,958691,2014
VINHO DE MESA,Rosado,939838,2015
VINHO DE MESA,Rosado,312725,2016
VINHO DE MESA,Rosado,36121245,2017
VINHO DE MESA,Rosado,875524,2018
VINHO DE MESA,Rosado,1551794,2019
VINHO DE MESA,Rosado,715289,2020
VINHO DE MESA,Rosado,1391200,2021
VINHO DE MESA,Rosado,1988968,2022
VINHO DE MESA,Rosado,2531246,2023
VINHO DE MESA,Rosado,0,2024
VINHO DE MESA,Tinto,174224052,1970
VINHO DE MESA,Tinto,121133369,1971
VINHO DE MESA,Tinto,118180926,1972
VINHO DE MESA,Tinto,88589019,1973
VINHO DE MESA,Tinto,146544484,1974
VINHO DE MESA,Tinto,144274134,1975
VINHO DE MESA,Tinto,118360170,1976
VINHO DE MESA,Tinto,154801826,1977
VINHO DE MESA,Tinto,162917363,1978
VINHO DE MESA,Tinto,154736439,1979
VINHO DE MESA,Tinto,101659755,1980
VINHO DE MESA,Tinto,134156175,1981
VINHO DE MESA,Tinto,183349460,1982
VINHO DE MESA,Tinto,87080528,1983
VINHO DE MESA,Tinto,119615028,1984
VINHO DE MESA,Tinto,216732390,1985
VINHO DE MESA,Tinto,118766694,1986
VINHO DE MESA,Tinto,97841160,1987
VINHO DE MESA,Tinto,173747942,1988
VINHO DE MESA,Tinto,136931173,1989
VINHO DE MESA,Tinto,154359897,1990
VINHO DE MESA,Tinto,90320836,1991
VINHO DE MESA,Tinto,118638894,1992
VINHO DE MESA,Tinto,125172218,1993
VINHO DE MESA,Tinto,161479717,1994
VINHO DE MESA,Tinto,167174017,1995
VINHO DE MESA,Tinto,115896909,1996
VINHO DE MESA,Tinto,116458841,1997
VINHO DE MESA,Tinto,102127865,1998
VINHO DE MESA,Tinto,168149414,1999
VINHO DE MESA,Tinto,208242670,2000
VINHO DE MESA,Tinto,175267437,2001
VINHO DE MESA,Tinto,215892333,2002
VINHO DE MESA,Tinto,155513687,2003
VINHO DE MESA,Tinto,254172425,2004
VINHO DE MESA,Tinto,180698666,2005
VINHO DE MESA,Tinto,149552555,2006
VINHO DE MESA,Tinto,228156220,2007
VINHO DE MESA,Tinto,241057928,2008
VINHO DE MESA,Tinto,164143454,2009
VINHO DE MESA,Tinto,157290088,2010
VINHO DE MESA,Tinto,210113358,2011
VINHO DE MESA,Tinto,175875432,2012
VINHO DE MESA,Tinto,163111797,2013
VINHO DE MESA,Tinto,157776363,2014
VINHO DE MESA,Tinto,169811472,2015
VINHO DE MESA,Tinto,75279191,2016
VINHO DE MESA,Tinto,1365957,2017
VINHO DE MESA,Tinto,188270142,2018
VINHO DE MESA,Tinto,121045115,2019
VINHO DE MESA,Tinto,103916391,2020
VINHO DE MESA,Tinto,146075996,2021
VINHO DE MESA,Tinto,162844214,2022
VINHO DE MESA,Tinto,139320884,2023
VINHO DE MESA,Tinto,0,2024
VINHO FINO DE MESA (VINIFERA),Branco,15562889,1970
VINHO FINO DE MESA (VINIFERA),Branco,15655709,1971
VINHO FINO DE MESA (VINIFERA),Branco,13289304,1972
VINHO FINO DE MESA (VINIFERA),Branco,7930070,1973
VINHO FINO DE MESA (VINIFERA),Branco,18927471,1974
VINHO FINO DE MESA (VINIFERA),Branco,21933695,1975
VINHO FINO DE MESA (VINIFERA),Branco,19874659,1976
VINHO FINO DE MESA (VINIFERA),Branco,20409231,1977
VINHO FINO DE MESA (VINIFERA),Branco,17640081,1978
VINHO FINO DE MESA (VINIFERA),Branco,25727132,1979
VINHO FINO DE MESA (VINIFERA),Branco,19326572,1980
VINHO FINO DE MESA (VINIFERA),Branco,27528276,1981
VINHO FINO DE MESA (VINIFERA),Branco,34423412,1982
VINHO FINO DE MESA (VINIFERA),Branco,24164361,1983
VINHO FINO DE MESA (VINIFERA),Branco,30395959,1984
VINHO FINO DE MESA (VINIFERA),Branco,44679484,1985
VINHO FINO DE MESA (VINIFERA),Branco,34794145,1986
VINHO FINO DE MESA (VINIFERA),Branco,35432544,1987
VINHO FINO DE MESA (VINIFERA),Branco,56441847,1988
VINHO FINO DE MESA (VINIFERA),Branco,54983093,1989
VINHO FINO DE MESA (VINIFERA),Branco,52080420,1990
VINHO FINO DE MESA (VINIFERA),Branco,33307472,1991
VINHO FINO DE MESA (VINIFERA),Branco,38856367,1992
VINHO FINO DE MESA (VINIFERA),Branco,40415898,1993
VINHO FINO DE MESA (VINIFERA),Branco,42419680,1994
VINHO FINO DE MESA (VINIFERA),Branco,34209738,1995
VINHO FINO DE MESA (VINIFERA),Branco,31893892,1996
VINHO FINO DE MESA (VINIFERA),Branco,33792167,1997
VINHO FINO DE MESA (VINIFERA),Branco,24384090,1998
VINHO FINO DE MESA (VINIFERA),Branco,30674840,1999
VINHO FINO DE MESA (VINIFERA),Branco,36955126,2000
VINHO FINO DE MESA (VINIFERA),Branco,20393594,2001
VINHO FINO DE MESA (VINIFERA),Branco,17911689,2002
VINHO FINO DE MESA (VINIFERA),Branco,14058481,2003
VINHO FINO DE MESA (VINIFERA),Branco,19803647,2004
VINHO FINO DE MESA (VINIFERA),Branco,20012363,2005
VINHO FINO DE MESA (VINIFERA),Branco,13249969,2006
VINHO FINO DE MESA (VINIFERA),Branco,17598428,2007
VINHO FINO DE MESA (VINIFERA),Branco,18812571,2008
VINHO FINO DE MESA (VINIFERA),Branco,21366975,2009
VINHO FINO DE MESA (VINIFERA),Branco,13013027,2010
VINHO FINO DE MESA (VINIFERA),Branco,22739426,2011
VINHO FINO DE MESA (VINIFERA),Branco,20647238,2012
VINHO FINO DE MESA (VINIFERA),Branco,21906349,2013
VINHO FINO DE MESA (VINIFERA),Branco,20054804,2014
VINHO FINO DE MESA (VINIFERA),Branco,19561966,2015
VINHO FINO DE MESA (VINIFERA),Branco,8705066,2016
VINHO FINO DE MESA (VINIFERA),Branco,21928400,2017
VINHO FINO DE MESA (VINIFERA),Branco,18297257,2018
VINHO FINO DE MESA (VINIFERA),Branco,18193055,2019
VINHO FINO DE MESA (VINIFERA),Branco,15487915,2020
VINHO FINO DE MESA (VINIFERA),Branco,20867999,2021
VINHO FINO DE MESA (VINIFERA),Branco,20896613,2022
VINHO FINO DE MESA (VINIFERA),Branco,20693437,2023
VINHO FINO DE MESA (VINIFERA),Branco,0,2024
VINHO FINO DE MESA (VINIFERA),Rosado,744900,1970
VINHO FINO DE MESA (VINIFERA),Rosado,664687,1971
VINHO FINO DE MESA (VINIFERA),Rosado,1006630,1972
VINHO FINO DE MESA (VINIFERA),Rosado,1018715,1973
VINHO FINO DE MESA (VINIFERA),Rosado,2668995,1974
VINHO FINO DE MESA (VINIFERA),Rosado,2759789,1975
VINHO FINO DE MESA (VINIFERA),Rosado,2220777,1976
VINHO FINO DE MESA (VINIFERA),Rosado,4723982,1977
VINHO FINO DE MESA (VINIFERA),Rosado,4110181,1978
VINHO FINO DE MESA (VINIFERA),Rosado,6046125,1979
VINHO FINO DE MESA (VINIFERA),Rosado,3117350,1980
VINHO FINO DE MESA (VINIFERA),Rosado,5782808,1981
VINHO FINO DE MESA (VINIFERA),Rosado,3042581,1982
VINHO FINO DE MESA (VINIFERA),Rosado,2111937,1983
VINHO FINO DE MESA (VINIFERA),Rosado,2115718,1984
VINHO FINO DE MESA (VINIFERA),Rosado,3007930,1985
VINHO FINO DE MESA (VINIFERA),Rosado,1482068,1986
VINHO FINO DE MESA (VINIFERA),Rosado,948649,1987
VINHO FINO DE MESA (VINIFERA),Rosado,1428400,1988
VINHO FINO DE MESA (VINIFERA),Rosado,1648300,1989
VINHO FINO DE MESA (VINIFERA),Rosado,3858200,1990
VINHO FINO DE MESA (VINIFERA),Rosado,209800,1991
VINHO FINO DE MESA (VINIFERA),Rosado,306500,1992
VINHO FINO DE MESA (VINIFERA),Rosado,518842,1993
VINHO FINO DE MESA (VINIFERA),Rosado,667200,1994
VINHO FINO DE MESA (VINIFERA),Rosado,992200,1995
VINHO FINO DE MESA (VINIFERA),Rosado,611300,1996
VINHO FINO DE MESA (VINIFERA),Rosado,605600,1997
VINHO FINO DE MESA (VINIFERA),Rosado,798400,1998
VINHO FINO DE MESA (VINIFERA),Rosado,515000,1999
VINHO FINO DE MESA (VINIFERA),Rosado,709000,2000
VINHO FINO DE MESA (VINIFERA),Rosado,178000,2001
VINHO FINO DE MESA (VINIFERA),Rosado,124504,2002
VINHO FINO DE MESA (VINIFERA),Rosado,135400,2003
VINHO FINO DE MESA (VINIFERA),Rosado,36779,2004
VINHO FINO DE MESA (VINIFERA),Rosado,31730,2005
VINHO FINO DE MESA (VINIFERA),Rosado,50900,2006
VINHO FINO DE MESA (VINIFERA),Rosado,791985,2007
VINHO FINO DE MESA (VINIFERA),Rosado,938898,2008
VINHO FINO DE MESA (VINIFERA),Rosado,324550,2009
VINHO FINO DE MESA (VINIFERA),Rosado,391280,2010
VINHO FINO DE MESA (VINIFERA),Rosado,754305,2011
VINHO FINO DE MESA (VINIFERA),Rosado,525903,2012
VINHO FINO DE MESA (VINIFERA),Rosado,719723,2013
VINHO FINO DE MESA (VINIFERA),Rosado,1200514,2014
VINHO FINO DE MESA (VINIFERA),Rosado,841120,2015
VINHO FINO DE MESA (VINIFERA),Rosado,590713,2016
VINHO FINO DE MESA (VINIFERA),Rosado,1167258,2017
VINHO FINO DE MESA (VINIFERA),Rosado,1291709,2018
VINHO FINO DE MESA (VINIFERA),Rosado,2032990,2019
VINHO FINO DE MESA (VINIFERA),Rosado,1576888,2020
VINHO FINO DE MESA (VINIFERA),Rosado,2173750,2021
VINHO FINO DE MESA (VINIFERA),Rosado,2197265,2022
VINHO FINO DE MESA (VINIFERA),Rosado,1959336,2023
VINHO FINO DE MESA (VINIFERA),Rosado,0,2024
VINHO FINO DE MESA (VINIFERA),Tinto,7591557,1970
VINHO FINO DE MESA (VINIFERA),Tinto,7265666,1971
VINHO FINO DE MESA (VINIFERA),Tinto,6782837,1972
VINHO FINO DE MESA (VINIFERA),Tinto,3419625,1973
VINHO FINO DE MESA (VINIFERA),Tinto,10047658,1974
VINHO FINO DE MESA (VINIFERA),Tinto,14731106,1975
VINHO FINO DE MESA (VINIFERA),Tinto,12405154,1976
VINHO FINO DE MESA (VINIFERA),Tinto,16131758,1977
VINHO FINO DE MESA (VINIFERA),Tinto,15000671,1978
VINHO FINO DE MESA (VINIFERA),Tinto,14356453,1979
VINHO FINO DE MESA (VINIFERA),Tinto,9296741,1980
VINHO FINO DE MESA (VINIFERA),Tinto,16036963,1981
VINHO FINO DE MESA (VINIFERA),Tinto,19987588,1982
VINHO FINO DE MESA (VINIFERA),Tinto,14340514,1983
VINHO FINO DE MESA (VINIFERA),Tinto,15777602,1984
VINHO FINO DE MESA (VINIFERA),Tinto,19347979,1985
VINHO FINO DE MESA (VINIFERA),Tinto,12282967,1986
VINHO FINO DE MESA (VINIFERA),Tinto,10920073,1987
VINHO FINO DE MESA (VINIFERA),Tinto,18690518,1988
VINHO FINO DE MESA (VINIFERA),Tinto,16140751,1989
VINHO FINO DE MESA (VINIFERA),Tinto,17750504,1990
VINHO FINO DE MESA (VINIFERA),Tinto,12001895,1991
VINHO FINO DE MESA (VINIFERA),Tinto,13449911,1992
VINHO FINO DE MESA (VINIFERA),Tinto,12119485,1993
VINHO FINO DE MESA (VINIFERA),Tinto,15646861,1994
VINHO FINO DE MESA (VINIFERA),Tinto,11924291,1995
VINHO FINO DE MESA (VINIFERA),Tinto,12819866,1996
VINHO FINO DE MESA (VINIFERA),Tinto,12590647,1997
VINHO FINO DE MESA (VINIFERA),Tinto,8716140,1998
VINHO FINO DE MESA (VINIFERA),Tinto,14640657,1999
VINHO FINO DE MESA (VINIFERA),Tinto,18545613,2000
VINHO FINO DE MESA (VINIFERA),Tinto,13587683,2001
VINHO FINO DE MESA (VINIFERA),Tinto,13619033,2002
VINHO FINO DE MESA (VINIFERA),Tinto,15357576,2003
VINHO FINO DE MESA (VINIFERA),Tinto,23062182,2004
VINHO FINO DE MESA (VINIFERA),Tinto,25409805,2005
VINHO FINO DE MESA (VINIFERA),Tinto,18868108,2006
VINHO FINO DE MESA (VINIFERA),Tinto,24786071,2007
VINHO FINO DE MESA (VINIFERA),Tinto,27583032,2008
VINHO FINO DE MESA (VINIFERA),Tinto,18209043,2009
VINHO FINO DE MESA (VINIFERA),Tinto,11401406,2010
VINHO FINO DE MESA (VINIFERA),Tinto,24104740,2011
VINHO FINO DE MESA (VINIFERA),Tinto,24027589,2012
VINHO FINO DE MESA (VINIFERA),Tinto,23156458,2013
VINHO FINO DE MESA (VINIFERA),Tinto,17208996,2014
VINHO FINO DE MESA (VINIFERA),Tinto,16745896,2015
VINHO FINO DE MESA (VINIFERA),Tinto,8774847,2016
VINHO FINO DE MESA (VINIFERA),Tinto,21442212,2017
VINHO FINO DE MESA (VINIFERA),Tinto,19118254,2018
VINHO FINO DE MESA (VINIFERA),Tinto,17389377,2019
VINHO FINO DE MESA (VINIFERA),Tinto,15451883,2020
VINHO FINO DE MESA (VINIFERA),Tinto,20433249,2021
VINHO FINO DE MESA (VINIFERA),Tinto,24417918,2022
VINHO FINO DE MESA (VINIFERA),Tinto,23615783,2023
VINHO FINO DE MESA (VINIFERA),Tinto,0,2024
